id,titulo,trecho,classe_candidata_fraca,classe
411532,11º Fonacor debate gestão estratégica e inovação em Corregedorias do Judiciário,"A Corregedoria Nacional de Justiça promove, nesta quarta-feira (29/4), a 11ª edição do Fórum Nacional das Corregedorias (Fonacor). O evento, que reúne representantes das Corregedorias do Poder Judiciário de todo o país, será realizado das 9h às 17h30, no auditório do Conselho da Justiça Federal (CJF), em Brasília (DF). O 11º Fonacor está estruturado para apresentar as principais ações, diretrizes ",3,
408968,TJGO reforça articulação para atendimento em saúde mental no sistema socioeducativo em Anápolis,"O juiz auxiliar da Presidência do Tribunal de Justiça do Estado de Goiás (TJGO), Reinaldo de Oliveira Dutra, que também coordena o Comitê Estadual Interinstitucional de Monitoramento da Política Antimanicomial (Ceimpa) — Eixo Socioeducativo — e o corregedor-geral da Justiça, Desembargador Marcus da Costa Ferreira, realizaram, nesta quinta-feira (26), uma visita ao Centro de Atendimento Socioeducat",5,
406053,Plenário do CNJ mantém afastamento de desembargador do TJMT,"O Plenário do Conselho Nacional de Justiça (CNJ) ratificou, durante a 1ª Sessão Extraordinária de 2026, realizada nesta terça-feira (3/3), a decisão de afastar de suas funções por tempo indeterminado o integrante da 3ª Câmara de Direito Privado do Tribunal de Justiça de Mato Grosso (TJMT), Desembargador Dirceu dos Santos. A Reclamação Disciplinar 0001156-76.2025.2.00.0000 foi instaurada para apura",8,
411727,Judiciário terá portal unificado para consulta de despesas de pessoal pendentes de quitação,"O Conselho Nacional de Justiça (CNJ) regulamentou a divulgação dos chamados passivos funcionais do Poder Judiciário, tipo de despesa referente a dívidas antigas pendentes de quitação. A publicização se dará por meio da criação de um portal que reúne informações sobre valores devidos a servidores e magistrados. O sistema, que será alimentado por todos os tribunais brasileiros, permitirá a consulta ",9,
415908,Democracia se aprende desde cedo: EJE promove atividade com estudantes em Rio Branco,"O Tribunal Regional Eleitoral do Acre (TRE-AC), por meio da Escola Judiciária Eleitoral (EJE), realizou mais uma edição do Programa Eleitor do Futuro na Escola Estadual Almada Brito, em Rio Branco. A atividade contemplou 94 estudantes do 4º e 5º anos do ensino fundamental e teve como objetivo estimular, desde a infância, a reflexão sobre cidadania, ética, democracia e participação social. A ação f",0,
414660,Proteção da infância e ‘contracheque único’ são temas da pauta do Plenário desta terça (26) no CNJ,"A proteção da criança e do adolescente contra a revitimização institucional será o foco de dois atos normativos que serão analisados pelo Plenário do Conselho Nacional de Justiça (CNJ) nesta terça-feira (26/5). Durante sua 8ª Sessão Ordinária de 2026, que acontece a partir das 10h, o CNJ também vai apreciar outros nove itens. A reunião será transmitida pelo canal do CNJ no YouTube. Os atos normati",8,
405236,Corregedoria Nacional de Justiça suspende levantamento de R$ 331 milhões em Alagoas,"A Corregedoria Nacional de Justiça determinou, nesta terça-feira (24/2), o sobrestamento imediato de qualquer levantamento de valores decorrente de decisões proferidas nos Agravos de Instrumento n. 0801912-60.2026.8.02.0000 e n. 0801809-53.2026.8.02.0000, no âmbito do Tribunal de Justiça de Alagoas (TJAL). A medida cautelar interrompe a liberação de R$ 331.568.997,90 em favor de herdeiros e advoga",8,
402978,TJDFT julga mais de 600 mil processos em 2025,"O Tribunal de Justiça do Distrito Federal e dos Territórios (TJDFT) julgou 607.441 processos e realizou 209.617 audiências durante o ano de 2025. Os números são do Painel Estatísticas do Conselho Nacional de Justiça (CNJ). Os processos julgados são aqueles que tiveram sentença e decisões terminativas proferidas tanto na 1ª quanto na 2ª instâncias. Na 1ª instância, foram julgadas 307.573 ações, o q",2,
406507,"Com nova diretoria, câmara nacional elabora novos enunciados para gestão de precatórios","A 1ª Reunião Técnica da Câmara Nacional de Gestores de Precatórios (CNGP), realizada no Tribunal de Justiça do Paraná (TJPR), encerrou-se na quarta-feira (4/3) com eleição da nova diretoria do órgão e a elaboração de enunciados de caráter orientativo para subsidiar decisões futuras e reduzir divergências interpretativas. A CNGP é o órgão de assessoramento técnico e jurídico dos tribunais de Justiç",9,
409099,Sistema SEI: acesso será interrompido entre terça (31/3) e quarta-feira (1/4),"O Departamento de Tecnologia da Informação e Comunicação do Conselho Nacional Justiça (CNJ) vai realizar uma manutenção em sua infraestrutura de TI, nesta terça (31/3) e quarta-feira (1/4). Durante o período, os serviços relacionados ao Sistema Eletrônico de Informações (SEI) ficarão indisponíveis. O SEI é uma plataforma de gestão de processos e documentos administrativos eletrônicos, criada para ",1,
410345,Escola Judicial de Goiás inicia projeto itinerante para atendimento à população em situação de rua,"A Escola Judicial do Tribunal de Justiça do Estado de Goiás (Ejug/TJGO) iniciou, na última terça-feira (7/4), o projeto de educação itinerante “Virando a página: educação e justiça”, voltado à população em situação de rua. A iniciativa está baseada não apenas no ensino-aprendizagem, mas também na escuta acolhedora e encaminhamento de demandas dessa população para as demais políticas públicas. A aç",5,
409236,Guaramirim (SC) sedia lançamento de curso do CNJ sobre acolhimento familiar,"“Crianças precisam de vínculos, de cuidado cotidiano e de pertencimento”. A declaração é do presidente do Conselho Nacional de Justiça (CNJ) e do Supremo Tribunal Federal (STF), Mnistro Edson Fachin, em vídeo exibido durante o lançamento do Curso de Formação sobre Serviço de Acolhimento Familiar, realizado nesta terça-feira (31/3), em Guaramirim (SC). A iniciativa capacita profissionais e fortalec",6,
414712,CNJ propõe nova Estratégia de Governança Digital e Inovação Tecnológica do Judiciário,"O Conselho Nacional de Justiça (CNJ) deu início ao processo de consolidação da nova Estratégia Nacional de Governança Digital e Inovação Tecnológica do Poder Judiciário (ENGI-JUD), que orientará as ações tecnológicas dos órgãos do Poder Judiciário no ciclo de 2027 a 2032. O Conselho promoverá um evento on-line em 27 de maio de 2026, com objetivo de apresentar e debater a minuta da nova Resolução c",1,
402714,Participação cidadã transforma gestão do SUS em Florianópolis,"O fortalecimento da participação comunitária, a contratação de novos profissionais de saúde, melhorias na infraestrutura do Centro de Saúde da Barra da Lagoa e a redução de conflitos judiciais estão entre os principais resultados alcançados pelo Conselho Local de Saúde da Barra da Lagoa, em Florianópolis (SC). Com um modelo híbrido de reuniões presenciais e remotas, a iniciativa ampliou o engajame",2,
413076,GT Paz nas Arenas visita o TJBA e debate propostas para aprimorar a segurança em eventos esportivos,"O Grupo de Trabalho Paz nas Arenas, do Conselho Nacional de Justiça, fez uma visita institucional ao Tribunal de Justiça da Bahia, onde foi recebido pelo Desembargador Presidente José Rotondano, na sexta-feira (8/5). Em pauta, a discussão de estratégias voltadas a promover segurança e aprimorar a atuação do sistema de justiça durante eventos esportivos de grande porte, tendo como base a Resolução ",3,
408524,Ferramenta digital do CNJ faz um ano e transforma a rotina dos gabinetes,"O Gabinete do Juízo , ferramenta digital desenvolvida pelo Programa Justiça 4.0 , completou um ano de uso nos tribunais brasileiros, contribuindo para mais eficiência e organização na rotina de magistradas, magistrados e equipes. A solução reúne, em um único ambiente, funcionalidades como a elaboração de despachos, decisões e sentenças, assinatura de atos e expedientes, gestão da agenda de audiênc",1,
405547,Judiciário aposta em conciliação para conter judicialização da saúde,"Pela primeira vez desde o início da série histórica, a judicialização da saúde apresentou queda no número de novos processos no país. Dados do Painel de Estatísticas Processuais de Direito à Saúde indicam redução global de quase 1% nas ações protocoladas. O recuo foi puxado principalmente pela saúde pública, que registrou diminuição de 6%, enquanto a saúde suplementar teve alta de 6% — ainda assim",2,
409965,Encontro nacional em MG discute papel das alternativas penais,"“Justiça restaurativa e medidas diversas de prisão” foi a palestra que abriu o segundo dia do III Encontro Nacional de Alternativas Penais (Enap), nesta quinta-feira (9/4), em Belo Horizonte. A atividade, que segue até sexta-feira (10/4), é promovida pela Escola Judicial Desembargador Edésio Fernandes (Ejef) do Tribunal de Justiça de Minas Gerais (TJMG). O encontro capacita os participantes a reco",5,
401265,TRT-PR recebe Selo Linguagem Simples por ações realizadas em 2025,"O Tribunal Regional do Trabalho da 9ª Região, no Paraná, recebeu o Selo Linguagem Simples do Conselho Nacional de Justiça (CNJ) como reconhecimento pelos trabalhos realizados pelo Tribunal ao longo de 2025. No TRT-PR, um grupo de trabalho sob a coordenação da Juíza Simone Galan de Figueiredo implementou o projeto Linguagem Simples, com ações conduzidas por diversos setores do tribunal. Entre essas",7,
400716,Transição energética destaca atuação de tribunais na promoção da sustentabilidade ambiental,"A adoção de ações voltadas à redução do consumo de materiais, como papel, a substituição da matriz energética tradicional por energia solar, bem como a promoção de capacitações e iniciativas de conscientização sobre consumo sustentável, destacaram a atuação do Tribunal Regional do Trabalho da 4ª Região (TRT-4) e do Tribunal de Justiça de Roraima (TJRR). As iniciativas garantiram às duas Cortes as ",7,
400816,"Justiça amplia ações de acessibilidade, instrução e sustentabilidade em 2025","O Tribunal de Justiça do Rio de Janeiro (TJRJ), por meio da Secretaria-Geral de Sustentabilidade e Responsabilidade Social (SGSUS), realizou diversas ações em 2025, guiadas por princípios de equidade, inclusão e compromisso com o desenvolvimento humano. Esse trabalho promoveu políticas públicas voltadas à transformação de vidas, ao fortalecimento da cidadania e ao incentivo para que o serviço públ",7,
403271,Justiça de Bacabal disciplina sobre presença de menores de 14 anos no Carnaval,"A Justiça proibiu que menores de 14 anos de idade desacompanhados participem de festividades carnavalescas e seus ensaios, inclusive blocos de rua, no período de 9 a 22 de fevereiro de 2026, em Bacabal, Conceição do Lago Açu, Lago Verde e Bom Lugar. A proibição abrange festividades realizadas em qualquer espaço público ou privado, tais como estádios, ginásios, quadras e campos desportivos, ruas, p",6,
412111,Três magistradas e dois magistrados são aprovados no Senado para compor colegiado do CNJ,"O Plenário do Senado Federal aprovou, na quarta-feira (29/4), o nome dos cinco novos conselheiros do Conselho Nacional de Justiça (CNJ). Os aprovados irão compor o colegiado pelo período de dois anos. Os indicados passaram, anteriormente, por sabatina da Comissão de Constituição e Justiça (CCJ). Presidido pelo presidente do Supremo Tribunal Federal (STF), ministro Edson Fachin, o CNJ conta, em sua",9,
412132,Corregedoria Nacional realiza inspeção no TJSP a partir de segunda-feira (4/5),"A Corregedoria Nacional de Justiça realizará inspeção no Tribunal de Justiça do Estado de São Paulo (TJSP) entre os dias 4 e 8 de maio de 2026. A medida foi formalizada pela Portaria n. 21/2026 , assinada pelo corregedor nacional de Justiça, ministro Mauro Campbell Marques. Durante os cinco dias de trabalho, as atividades ocorrerão das 9h às 17h, sem suspensão dos prazos processuais e dos atendime",9,
415212,Tribunais em todo o país mostram resultados na área de auditoria interna,"A atuação da auditoria interna no Judiciário tem se consolidado como função estratégica de assessoramento à gestão, indo além da fiscalização para apoiar decisões e prevenir falhas. Iniciativas em diversos tribunais mostram como a área fortalece a gestão de riscos, a integridade e a governança. No Tribunal Regional Eleitoral do Rio de Janeiro (TRE-RJ), a auditoria avaliou a maturidade da gestão de",1,
405878,Decisão de Fachin autoriza repasse de tribunais mineiros a municípios afetados por enchentes,"O Plenário do Conselho Nacional de Justiça (CNJ) confirmou, nesta terça-feira (3/3), decisão do presidente do órgão e do Supremo Tribunal Federal (STF), Ministro Edson Fachin, que autoriza tribunais de Minas Gerais a destinarem recursos para a Defesa Civil do estado e dos municípios atingidos pelas fortes chuvas de fevereiro. Os valores são provenientes de prestações pecuniárias (pagamentos feitos",8,
407667,Desembargador do TJSP é afastado por 180 dias após revisão disciplinar,"Os integrantes do Conselho Nacional de Justiça (CNJ) anularam o arquivamento de processos disciplinares contra o Desembargador Carlos Henrique Abrão e aplicaram, por decisão unânime, a pena de disponibilidade por 180 dias. A sanção implica o afastamento do magistrado de suas funções, com vencimentos proporcionais, e é a segunda mais grave prevista na Lei Orgânica da Magistratura Nacional (Loman). ",8,
400232,Direitos humanos orientam atuação do CNJ no sistema prisional e na solução de conflitos fundiários,"A Agência CNJ de Notícias publica uma série de reportagens que consolidam as diretrizes e as ações do Conselho Nacional de Justiça (CNJ) voltadas ao aperfeiçoamento contínuo dos serviços da Justiça. Cada linha de atuação está ligada ao mandato de uma conselheira ou de um conselheiro, cujos destaques do trabalho serão aqui apresentados. O reconhecimento, pelo Supremo Tribunal Federal (STF), de que ",5,
404694,Inscrições para o 2º Prêmio Eficiência Tributária se iniciam em 2 de março,"O Conselho Nacional de Justiça (CNJ) abre, em 2 de março, as inscrições para o II Prêmio Eficiência Tributária . A premiação busca identificar, selecionar e disseminar boas práticas que contribuam para a redução da alta litigiosidade tributária e para o aprimoramento da cobrança do crédito tributário no país. As inscrições poderão ser feitas até 31 de maio, pelo formulário on-line . Podem particip",2,
404458,Monitoramento do primeiro ano do Pena Justa começa em 20 de fevereiro,"Os avanços obtidos no primeiro ano do plano Pena Justa começarão a ser registrados pelo Conselho Nacional de Justiça (CNJ) no próximo dia 20 de fevereiro em um sistema eletrônico desenvolvido especialmente para esse fim. Para facilitar o preenchimento e a consolidação dos dados, o CNJ apresentou a ferramenta nesta semana para quase 400 representantes de organizações nacionais e estaduais. Com base",9,
405907,Infância e adolescência são foco da visita de conselheiro do CNJ ao TJAP,"Representando o Conselho Nacional de Justiça (CNJ), o conselheiro Fabio Francisco Esteves realizará visita à sede do Tribunal de Justiça do Amapá (TJAP) nesta quinta e sexta-feira (5 e 6/3). O juiz do Tribunal do Tribunal de Justiça do Distrito Federal e dos Territórios (TJDFT), que passou a integrar o CNJ no último mês, iniciará por Macapá uma série de visitas em todo o país às coordenadorias e c",6,
414122,Justiça 4.0 lança cursos sobre três novas soluções tecnológicas nacionalizadas,"O Conselho Nacional de Justiça (CNJ) lançou capacitações sobre três ferramentas recentemente nacionalizadas pelo Conecta: Banco de Sentenças das Justiças Militares, Bastião e Janus. As formações são autoinstrucionais, on-line e gratuitas, e não requerem conhecimento prévio das ferramentas. A nacionalização das ferramentas foi celebrada durante o Encontro de Integração em Inteligência Artificial no",1,
402817,"TJBA instala “banco vermelho”, símbolo de alerta e enfrentamento à violência contra a mulher e ao feminicídio","O Tribunal de Justiça da Bahia (TJBA) instalou o Banco Vermelho na área externa de sua sede, em Salvador, como símbolo de alerta permanente e de enfrentamento à violência contra a mulher e ao feminicídio. Durante o ato, realizado no último dia 26 de janeiro, a desembargadora Nágila Maria Sales Brito, presidente da Coordenadoria da Mulher do TJBA e do Colégio de Coordenadores da Mulher em Situação ",4,
415697,Começa nesta segunda (8/6) a II Semana da Pauta Verde,"Os tribunais da Justiça Federal e Estadual em todo o país abrem nesta segunda-feira (8/6) a segunda edição da Semana da Pauta Verde . A mobilização nacional, que segue até o dia 12 de junho, tem o objetivo de acelerar a tramitação de processos ambientais de grande complexidade e impacto coletivo. O supervisor da Política Nacional do Poder Judiciário para o Clima e o Meio Ambiente, conselheiro Ilan",7,
401881,TRT-PB destaca-se nacionalmente pela celeridade e excelência na tramitação processual do 2º grau,"O Tribunal Regional do Trabalho da Paraíba (13ª Região) reafirma, em 2025, sua posição de referência nacional em celeridade e eficiência jurisdicional, figurando entre os regionais com melhor desempenho nos principais indicadores de duração processual do 2º grau, conforme dados do eGestão. A presidente do TRT-PB, desembargadora Herminegilda Leite Machado, ressaltou que esses dados demonstram que é",2,
408758,CNJ capacita tribunais do Nordeste para uso de ferramenta de avaliação de risco às mulheres,"O Conselho Nacional de Justiça (CNJ) realizou, nesta quinta-feira (26/3), a primeira oficina formativa regional sobre o Formulário Nacional de Avaliação de Risco da Violência Doméstica e Familiar contra a Mulher (Fonar) . Os tribunais do nordeste foram os primeiros a participar da capacitação, que será levada às demais regiões do país ao longo do mês de abril. A série de oficinas virtuais tem como",4,
415380,Presidente do CNJ debate impactos da inteligência artificial em jornadas jurídicas no Rio de Janeiro,"O presidente do Conselho Nacional de Justiça (CNJ) e do Supremo Tribunal Federal (STF), ministro Edson Fachin, participou nesta segunda-feira (1º), no Rio de Janeiro, das Jornadas Internacionais da Associação Henri Capitant, voltadas ao debate sobre vulnerabilidades algorítmicas e Direito Civil contemporâneo. Na palestra de abertura, o ministro abordou os impactos da inteligência artificial e de s",9,
410259,Justiça paraense leva debate sobre ECA Digital a estudantes em Belém,"Estudantes do ensino fundamental da Escola Camilo Salgado, em Belém, participaram de uma palestra sobre segurança no ambiente virtual e os impactos das novas regras do Estatuto da Criança e do Adolescente (ECA) no contexto digital. A atividade integra o projeto Porto Seguro, desenvolvido pela Coordenadoria da Infância e Juventude do Tribunal de Justiça do Pará (TJPA), e faz parte da programação da",6,
404823,CNJ atua no monitoramento de sentença internacional sobre operação policial de 2002,"Representantes do Conselho Nacional de Justiça (CNJ) participaram, nos dias 9 e 10 de fevereiro, em São Paulo, da primeira reunião interinstitucional para definir medidas para o cumprimento da sentença da Corte Interamericana de Direitos Humanos (Corte IDH) no caso conhecido como Honorato e Outros. O objetivo foi buscar uma resolução para o cumprimento da sentença, proferida em 2023. A decisão res",3,
413182,"Catadores de recicláveis devem ser remunerados pela prestação de serviço em tribunais, orienta CNJ","Os tribunais brasileiros foram recomendados a remunerar cooperativas e associações de catadores de materiais recicláveis pelos serviços de coleta e destinação dos resíduos sólidos. O montante a ser pago pelos tribunais deve ser complementar à comercialização e não em substituição a essa, agregando valor reconhecido ao serviço ambiental prestado. A decisão foi aprovada por unanimidade pelo Plenário",7,
405624,Cultura no sistema prisional: interessados podem se cadastrar até 10/3,O prazo para participar do mapeamento das iniciativas culturais no sistema prisional vai até 10 de março de 2026 com inscrições feitas por meio de formulário disponível no site do Conselho Nacional de Justiça (CNJ). O objetivo é identificar e reunir iniciativas culturais desenvolvidas no sistema prisional ou voltadas a pessoas egressas e seus familiares. Leia mais: CNJ inicia mapeamento nacional d,5,
401465,TRT-RS fecha 2025 com 76% das mediações resolvidas por acordo,"O Tribunal Regional do Trabalho da 4ª Região (TRT-RS) realizou, entre 1º de janeiro e 31 de dezembro de 2025, 251 audiências de mediação coletiva, no âmbito de 149 procedimentos instaurados. Em 76,5% dos casos, as sessões terminaram em acordo. As negociações beneficiaram 179.313 trabalhadores. As sessões ocorreram ao longo de todo o ano, incluindo o período de recesso do Judiciário. As mediações c",2,
405567,Tribunais enviarão sugestões para atualização de norma sobre precatórios,"Os tribunais de justiça devem receber, a partir da próxima semana, uma comunicação do Conselho Nacional de Justiça (CNJ) para contribuir com a revisão do ato normativo que trata sobre os precatórios, Resolução CNJ n. 303/2019 . As alterações devem acompanhar as diretrizes da Emenda Constitucional 136 , que altera critérios e prazo para inclusão de precatórios na proposta orçamentária. A informação",9,
403177,Justiça pela Paz em Casa: programa já tem datas definidas para 2026,"Promovido pelo Conselho Nacional de Justiça (CNJ) em parceria com os tribunais de justiça estaduais, o Programa Justiça pela Paz em Casa já tem datas definidas para 2026. Neste ano, as três semanas nacionais de esforço concentrado ocorrerão de 9 a 13 de março, de 17 a 21 de agosto e de 23 a 27 de novembro. As mobilizações correspondem, respectivamente, às 32ª, 33ª e 34ª edições do programa. As sem",4,
401737,CNJ abre inscrições para programa internacional de capacitação de magistradas,"Magistradas brasileiras poderão participar do programa de capacitação internacional Women Judge’s Program – Judicial Training & the Brazilian Judiciary , que será realizado entres os dias 15 e 17 de abril, em Brasília. As inscrições podem ser feitas até o dia 6 de fevereiro, por meio de formulário eletrônico no Portal do Conselho Nacional de Justiça (CNJ). A iniciativa é resultado de uma cooperaçã",4,
409495,Juízo Verde: CNJ premia ações inovadoras em sustentabilidade,"Pelo quinto ano consecutivo, o Conselho Nacional de Justiça (CNJ) irá reconhecer ações, projetos ou programas inovadores desenvolvidos no âmbito do Poder Judiciário que fomentem a sustentabilidade e a prestação jurisdicional sob a perspectiva ambiental. Instituído pela Portaria n. 134 de 26/03/2026, o Prêmio Juízo Verde 2026 tem como objetivo disseminar práticas de sucesso que possam ser replicada",7,
409795,“Se Renda à Infância”: doações podem ser feitas diretamente na declaração de IRPF 2026,"Contribuintes podem incluir, na declaração de Imposto de Renda 2026, doações aos Fundos dos Direitos da Criança e do Adolescente, por meio da campanha “Se Renda à Infância”, promovida pelo Conselho Nacional de Justiça (CNJ). Nesta edição, a campanha está voltada ao Arquipélago de Marajó (PA), região marcada por grandes distâncias, isolamento geográfico e índices expressivos de exclusão social. Par",6,
410547,Judiciário lança informativo para fortalecer práticas restaurativas no Maranhão,"O Núcleo Estadual de Justiça Restaurativa (Nejur) do Tribunal de Justiça do Maranhão lançou a primeira edição do “NEJUR em Rede – Informativo das Práticas Restaurativas no Maranhão”, referente aos meses de fevereiro, março e abril de 2026. A publicação já está disponível na página do núcleo e tem como objetivo ampliar a visibilidade das iniciativas restaurativas desenvolvidas no estado. De acordo ",3,
405791,Tribunal receberá comitiva da Corregedoria Nacional de Justiça para inspeção em março,"Entre os dias 9 e 13 de março, o Tribunal de Justiça do Estado do Rio Grande do Sul (TJRS) receberá uma equipe de inspeção da Corregedoria Nacional de Justiça, órgão do Conselho Nacional de Justiça (CNJ). A medida está prevista na Portaria n. 1/2026 , assinada pelo Ministro Mauro Campbell Marques, e tem como finalidade verificar o funcionamento de setores administrativos e judiciais de 1º e 2º gra",9,
416786,Acordo entre CNJ e TRF-4 aprimora automatização de julgamentos administrativos,"O aperfeiçoamento da automatização dos julgamentos administrativos em colegiados, como fóruns, comitês e grupos de trabalho do Conselho Nacional de Justiça (CNJ), está no centro do acordo de cooperação técnica firmado nesta segunda-feira (15/6) entre o presidente do órgão, ministro Edson Fachin, e o presidente do Tribunal Regional Federal da 4ª Região (TRF-4), desembargador João Batista Pinto Silv",9,
407251,Ministra do STJ faz visita institucional ao CNJ para diálogo sobre enfrentamento à violência contra mulheres,"O Conselho Nacional de Justiça (CNJ) recebeu, nesta sexta-feira (13/03), a visita institucional da ministra do Superior Tribunal de Justiça (STJ) Maria Marluce Caldas, para discutir iniciativas do Poder Judiciário voltadas ao enfrentamento da violência doméstica e familiar contra a mulher. A comitiva da ministra foi recebida pela juíza auxiliar da Presidência do CNJ, Suzana Massako. Foram comparti",4,
402750,TJSE e parceiros promovem lazer e reencontros entre crianças e adolescentes das unidades de acolhimento,"Como resultado de uma iniciativa da Coordenadoria da Infância e Juventude do Tribunal de Justiça de Sergipe e de parceiros, voltada a crianças e adolescentes das unidades de acolhimento institucional da capital e do interior, foi realizada mais uma edição do Brincando no Parque. Neste ano, cerca de 300 crianças e adolescentes na faixa etária dos 4 aos 18 anos se divertiram no American Park, no últ",6,
416266,CNJ altera horário de funcionamento nos dias de jogos da seleção brasileira,"O Conselho Nacional de Justiça (CNJ) terá seu horário de atendimento ao público alterado nos dias 19 e 24 de junho. Por causa dos jogos da seleção brasileira na Copa do Mundo FIFA 2026, o órgão funcionará das 8h às 15h. A mudança foi publicada na última quarta (10/6), por meio da Portaria n. 47 de 10/6/2026 . Na sexta-feira (19/6), o jogo será Brasil x Haiti, às 21h30, na Filadélfia (EUA). Já na q",2,
410098,Conexão Auditoria debate gestão das atividades de auditoria em encontro virtual,"A gestão ágil das atividades de auditoria interna é tema da nova edição da série Conexão Auditoria, que acontece no dia 17 de abril, às 15h. Promovido pelo Conselho Nacional de Justiça (CNJ), o evento é on-line e aberto tanto a integrantes do Poder Judiciário quanto ao público em geral. A palestra será ministrada por Carla Joyce Gomes Alarcon de Paula, servidora do Tribunal Regional do Trabalho da",1,
416867,"Atuação dos Juizados Especiais aproxima a Justiça dos cidadãos, diz conselheira do CNJ","Com o tema “Fortalecer os Juizados Especiais é fortalecer a Justiça”, a III Semana Nacional dos Juizados Especiais está sendo realizada em todo o país entre os dias 15 e 19 de junho. Na Justiça Federal da 2ª Região (JF-2), os temas cíveis e previdenciários da Turma Nacional de Uniformização (TNU) foram os destaques durante a abertura institucional. Representando o Conselho Nacional de Justiça (CNJ",3,
401175,Ouvidoria da Mulher fortalece acolhimento e defesa dos direitos no Judiciário piauiense,"A Ouvidoria da Mulher integra a Política Institucional de Promoção da Igualdade de Gênero e de Enfrentamento à Violência contra a Mulher, atuando como um importante canal de escuta, orientação e encaminhamento de demandas relacionadas à defesa dos direitos das mulheres, especialmente em situações de violência, discriminação ou violação de garantias fundamentais. Por meio da Ouvidoria da Mulher, as",4,
406202,Fonajus Itinerante é iniciado em São Luís (MA) com agenda até sexta (6/3),"O Fórum Nacional do Judiciário para a Saúde (Fonajus) Itinerante chega ao Maranhão para programação nesta quinta e sexta-feira (5 e 6/3). A agenda inclui reuniões no Tribunal de Justiça do Maranhão (TJMA), inclusive com o Comitê Estadual de Saúde, e com representantes da Justiça Federal no Maranhão (JFMA). A itinerância tem como objetivo fortalecer a implementação da Política Judiciária de Resoluç",2,
411410,Justiça acreana participa da Semana Nacional de Combate ao Assédio e Discriminação,"A Comissão de Prevenção e Enfrentamento do Assédio Moral, Assédio Sexual e da Discriminação no âmbito do 1º Grau de Jurisdição (Coped) divulgou a programação da Semana Nacional de Combate ao Assédio e à Discriminação no Tribunal de Justiça do Acre (TJAC). Com atividades presenciais e virtuais, a iniciativa reforça o compromisso do Judiciário acreano com a construção de ambientes de trabalho seguro",4,
405768,Plenário do CNJ se reúne nesta terça (3/3) para a 1ª Sessão Extraordinária de 2026,"O Plenário do Conselho Nacional de Justiça (CNJ) se reúne nesta terça-feira (3/3), a partir das 10h, para a primeira sessão extraordinária de 2026. Ao todo, 11 itens serão analisados. Um dos assuntos é um procedimento de controle administrativo que analisa a atuação do Tribunal de Justiça do Ceará (TJCE) em um concurso público para o cargo de Técnico Judiciário — Área Judiciária. O CNJ vai verific",8,
410327,CNJ barra exposição da vida íntima de vítimas no Judiciário,"O Plenário do Conselho Nacional de Justiça (CNJ) reforçou a proibição de exposições indevidas da vida privada de vítimas ou testemunhas em processos disciplinares no Judiciário. A decisão, tomada nesta terça-feira (14/4) durante a 5ª Sessão Ordinária de 2026 do colegiado, dispõe sobre a proteção de vítimas e testemunhas em processos que envolvam infrações contra a dignidade sexual ou violência con",8,
415905,Operação Excelsior: Justiça do Trabalho leva assistência a comunidades da região Norte,"Pela primeira vez, a Justiça do Trabalho participou da chamada Operação Excelsior, ação promovida pela Força Aérea Brasileira (FAB) para levar atendimento médico a populações em áreas de difícil acesso da região Norte do Brasil. Até sábado (6), as equipes atenderão comunidades urbanas e ribeirinhas nos estados do Amazonas e do Pará e oferecerão consultas, exames, cirurgias, atendimentos odontológi",0,
399887,Ouvidoria da Justiça do Trabalho de Campinas destaca alto índice de solução imediata,"A Ouvidoria do Tribunal Regional do Trabalho da 15ª Região recebeu mais de 8 mil manifestações ao longo de 2025, considerando os atendimentos gerais e os pedidos de informação registrados pelo Serviço de Informação ao Cidadão (SIC). O balanço, referente ao período de 1º de janeiro a 18 de dezembro, evidencia o fortalecimento da Ouvidoria como canal permanente de escuta, diálogo e transparência, em",2,
414008,TJAL restaura processos que revelam luta de escravizados por liberdade em Alagoas,"De páginas desgastadas pelo tempo, emergem histórias de pessoas que lutaram pela própria liberdade no período da escravidão, em Alagoas. Anna é uma dessas personagens. Em 1884, ela reuniu o valor necessário para pagar a sua alforria e solicitou curador para as tratativas judiciais. Em depoimento a um escrivão, evocou a Lei do Ventre Livre para fundamentar o seu pedido. Ao final do processo, Anna c",0,
409895,Repórter Justiça fala sobre os impactos da gravidez na adolescência,"No Brasil, uma em cada 23 adolescentes se torna mãe todos os anos. Entre 2020 e 2022, mais de um milhão de bebês nasceram de mães adolescentes. Nesta quinta-feira (9/4), o Repórter Justiça mostra como a gravidez precoce é um problema associado a fatores sociais, econômicos, culturais e educacionais, muitas vezes envolvendo violações de direitos, como o casamento infantil e a violência sexual. A re",6,
405156,CNJ realiza 2ª Sessão Ordinária de 2026 nesta terça-feira (24/2),"A 2ª Sessão Ordinária de 2026 do Conselho Nacional de Justiça (CNJ) está marcada para esta terça-feira (24/2), a partir das 14h. Os conselheiros e as conselheiras deverão analisar 11 itens constantes na pauta de julgamento. Estão previstos três Processos Administrativos Disciplinares (PADs), três Pedidos de Providências (PPs), um Procedimento de Controle Administrativo (PCA) e uma Revisão Discipli",8,
410138,Corregedoria Nacional encerra inspeção ordinária no Tribunal de Justiça da Bahia,"A Corregedoria Nacional de Justiça encerrou, na sexta-feira (10/4), inspeção ordinária no Tribunal de Justiça do Estado da Bahia (TJBA). Os trabalhos tiveram início no dia 6 de abril e foram regulamentados pela Portaria CNJ n. 12/2026. A ação foi conduzida pelo desembargador Arnoldo Camanho de Assis e pelo juiz Lizandro Garcia Gomes Filho, ambos do Tribunal de Justiça do Distrito Federal e Territó",9,
411746,Nota da Corregedoria Nacional de Justiça à imprensa,"A Corregedoria Nacional de Justiça determinou, nesta terça-feira (28/4), a realização de uma correição extraordinária na 1ª Vara da Fazenda Pública Estadual de Manaus. A medida visa investigar possíveis irregularidades na tramitação de processos de alto impacto econômico entre a CIGÁS e a Petrobras. A diligência será realizada de forma presencial por uma equipe composta por juízes auxiliares, serv",8,
415262,Justiça do Trabalho do RS leva orientações e serviços ao PopRuaJud,"Acolhimento, orientação e acesso a direitos marcaram mais uma edição do PopRuaJud, realizada nesta quinta-feira (28/5), em Porto Alegre. A Justiça do Trabalho do RS participou da iniciativa ao lado de diversas instituições parceiras, mobilizadas para oferecer atendimentos à população em situação de vulnerabilidade social. Criado pelo Conselho Nacional de Justiça (CNJ), o PopRuaJud tem como objetiv",0,
408547,Reflexão e responsabilização para romper o ciclo da violência contra a mulher,"Não basta punir: é preciso responsabilizar e ter autoconsciência . Essa é a lógica por trás dos grupos reflexivos voltados a homens autores de violência doméstica, que vêm ganhando espaço no Brasil como estratégia para enfrentar o problema na raiz. Criados no contexto da Lei Maria da Penha (Lei n. 11.340/2006), esses grupos vão além da resposta penal tradicional e partem de um princípio importante",4,
403901,CNJ aprova novas boas práticas nos eixos de combate à violência e infância e juventude,"Levar cidadania, capacitação e inclusão socioeconômica a mulheres vulneráveis e vítimas de violência doméstica, além de promover a igualdade de gênero. Em outra frente, orientar pais que tiveram seus filhos acolhidos em instituições ou em situação de violação de direitos; e oferecer esporte, lazer e atividades culturais a crianças e adolescentes em situação de acolhimento institucional. Essas açõe",4,
400180,"Qualidade da capacitação do mediador é decisiva para a condução eficaz da mediação, diz pesquisa",Investir na capacitação do profissional responsável pela mediação no sistema de justiça é essencial para reduzir a morosidade processual e promover soluções de conflitos mais alinhadas aos interesses das partes. Estudo publicado na revista eletrônica do Conselho Nacional de Justiça ( e-Revista CNJ ) analisou como a capacitação formal e as competências pessoais influenciam no comportamento dos medi,2,
401183,Judiciário de Mato Grosso aposta no diálogo para reduzir conflitos e aproximar cidadãos,"Resolver problemas sem conflitos, com diálogo e acordo. É assim que o Judiciário tem atuado para contribuir com a pacificação social, por meio da mediação e da conciliação, caminhos que buscam soluções mais rápidas e menos desgastantes para quem procura a Justiça. Esses métodos permitem que as próprias pessoas participem da construção do acordo, com apoio de um mediador ou conciliador. A proposta ",2,
406730,CNJ e tribunais de justiça firmam acordo de cooperação para impulsionar modernização do Judiciário,"O Conselho Nacional de Justiça (CNJ) e os tribunais de justiça dos estados e do Distrito Federal assinaram, nesta terça-feira (10/3), instrumento de cooperação técnica destinado a fortalecer de ações de modernização do Poder Judiciário. A cerimônia ocorreu no Salão Nobre do Supremo Tribunal Federal (STF) e foi conduzida pelo presidente do STF e do CNJ, ministro Edson Fachin. O acordo estabelece di",9,
404509,TJPB institui Unidade de Sustentabilidade para fortalecer gestão do Plano de Logística Sustentável,"Com o objetivo de fortalecer a governança, o planejamento, o monitoramento e a avaliação do Plano de Logística Sustentável (PLS) no âmbito do Poder Judiciário estadual, foi criada a Unidade de Sustentabilidade no Tribunal de Justiça da Paraíba (TJPB). De caráter permanente, a unidade está subordinada diretamente à Presidência do TJPB, a quem compete assessorar o planejamento, a implementação, o ac",1,
413193,CNJ aplica censura a juíza por falta de cautela na homologação de perícias,"O Plenário do Conselho Nacional de Justiça (CNJ) aplicou pena de censura à juíza Ritaura Rodrigues Santana, então titular da 1ª Vara Cível de Campina Grande (PB), no julgamento conjunto de dois processos administrativos. Com isso, a juíza não poderá figurar em lista de promoção por merecimento pelo prazo de um ano. A decisão foi proferida nesta terça-feira (12/5), durante a 7ª Sessão Ordinária de ",8,
410118,TRE de Rondônia lança cartilha para prevenção e combate à violência política contra a mulher,"O lançamento oficial da Cartilha da Ouvidoria da Mulher foi destaque do evento “Mulher nas Eleições”, promovido pelo Tribunal Regional Eleitoral de Rondônia (TRE-RO). O documento reúne orientações sobre prevenção, acolhimento e canais de denúncia relacionados à violência política contra a mulher, reforçando o compromisso da Justiça Eleitoral com a promoção da igualdade de gênero e a proteção dos d",4,
415781,"Independência judicial é condição para democracia, afirma Fachin em evento na USP","O presidente do Conselho Nacional de Justiça (CNJ) e do Supremo Tribunal Federal (STF), ministro Edson Fachin, abriu nesta segunda-feira (8/6) o VI Congresso Brasileiro de Direito e Políticas Públicas, na Faculdade de Direito da Universidade de São Paulo (USP), com uma defesa enfática da independência judicial como condição essencial para a democracia. “O Judiciário, por meio de políticas públicas",3,
416328,CNJ e OAB debatem medidas para acelerar e padronizar pagamento de precatórios,"O Conselho Nacional de Justiça (CNJ) iniciou uma série de debates para atualizar as regras de gestão de precatórios no país. O objetivo é aumentar a eficiência administrativa, garantir maior segurança jurídica e acelerar o pagamento dos valores devidos aos cidadãos. As reuniões, conduzidas nesta semana pelo conselheiro Ulisses Rabaneda — presidente do Comitê Nacional de Precatórios —, reuniram rep",9,
406040,Mutirão do TJCE para revisão de prisões no semiaberto tem legalidade confirmada pelo CNJ,"O Conselho Nacional de Justiça (CNJ) julgou improcedente o pedido de providências apresentado pelo Ministério Público do Estado do Ceará (MPCE) contra o Tribunal de Justiça do Estado do Ceará (TJCE). O órgão ministerial cearense questionava a legalidade da Portaria Conjunta n. 1/2026, que instituiu um mutirão de execução penal na Comarca de Fortaleza para a revisão das prisões de pessoas em regime",8,
404046,CNJ inicia mapeamento nacional de iniciativas culturais no sistema prisional,"O Conselho Nacional de Justiça (CNJ) inicia, nesta terça-feira (10/2), consulta pública nacional para mapear iniciativas culturais desenvolvidas no sistema prisional ou voltadas a pessoas egressas e seus familiares. Alinhada ao plano Pena Justa , a iniciativa busca identificar e reunir experiências já em curso ou com interesse de atuação nessa área. As inscrições ficam abertas até 10 de março e de",5,
404717,Corregedoria Nacional fará inspeção ordinária no TJMG a partir de 23 de março,"A Corregedoria Nacional de Justiça realiza, entre os dias 23 e 27 de março, inspeção ordinária no Tribunal de Justiça de Minas Gerais (TJMG). A ação integra o calendário anual de fiscalizações programadas pelo órgão. Durante o período, serão analisados os sistemas judiciais e as atividades das serventias extrajudiciais do estado. As inspeções têm como objetivo aprimorar a prestação dos serviços ju",9,
413718,Três conselheiras e dois conselheiros tomam posse no CNJ nesta segunda-feira (18/5),"Com a presença do presidente do Conselho Nacional de Justiça (CNJ) e do Supremo Tribunal Federal (STF), ministro Edson Fachin, será realizada, nesta segunda-feira (18/5), a cerimônia de posse dos novos conselheiros. O evento está marcado para 16h, no Plenário. Passarão a integrar o Conselho: a ministra do Tribunal Superior do Trabalho (TST) Kátia Magalhães Arruda, o desembargador do Tribunal Regio",9,
405030,Acordo redefine parâmetros para custeio de medicamentos oncológicos pelo SUS,"O Plenário do Supremo Tribunal Federal (STF) homologou, por unanimidade, na quinta-feira (19/2), acordo firmado entre a União, os estados e os municípios que estabelece diretrizes de ressarcimento e define a competência para o julgamento de ações relativas à aquisição de medicamentos oncológicos. O acordo foi apresentado no Recurso Extraordinário (RE) 1366243 , no qual foi fixado o Tema 1.234 da r",2,
414318,Justiça do DF promove seminário sobre prevenção da violência contra crianças e adolescentes,"O Tribunal de Justiça do Distrito Federal e dos Territórios (TJDFT) realizou, nessa terça-feira, 19/5, o seminário Maio Laranja: Mês da Infância Protegida – Estratégias de prevenção e enfrentamento da violência contra crianças e adolescentes. O evento aconteceu no auditório do Fórum da Justiça da Infância e da Juventude, localizado na Asa Norte, e contou com a participação de diversas autoridades ",6,
416380,Boas práticas para solucionar questões de saúde podem concorrer a prêmio do CNJ,"Interessados em concorrer ao Prêmio Justiça & Saúde têm até o dia 20 de julho para fazer a inscrição na premiação promovida pelo Conselho Nacional de Justiça (CNJ). Em sua quarta edição, a iniciativa busca destacar ações que reduzam a judicialização na saúde e que fortaleçam a cidadania por meio da promoção da segurança jurídica, processual e institucional. Acesse o regulamento O Prêmio está organ",2,
410158,Agenda Justiça Juvenil é apresentada em evento no TJ de Pernambuco,"O Tribunal de Justiça de Pernambuco (TJPE), por meio do Grupo de Monitoramento e Fiscalização do Sistema Carcerário e Socioeducativo (GMF), realizou a 23ª Reunião Ordinária da Câmara Técnica Permanente de Políticas Socioeducativas, desta vez com a participação do Departamento de Monitoramento e Fiscalização do CNJ (DMF), ocasião em que foi apresentada a Agenda Justiça Juvenil. O encontro consolido",5,
414163,CNJ intensifica ações de proteção às mulheres durante Justiça Itinerante no Marajó,"O Conselho Nacional de Justiça (CNJ) mobiliza, nesta semana, uma série de ações voltadas ao enfrentamento da violência contra mulheres e meninas durante a 4ª edição da Justiça Itinerante Cooperativa da Amazônia Legal, realizada nos municípios de Breves, Portel e Melgaço, no Arquipélago do Marajó (PA). A iniciativa reúne atendimentos, oficinas e articulação institucional para ampliar o acesso à Jus",4,
414917,Conecta abre novo edital para nacionalizar projetos de tecnologia de tribunais,"O Conselho Nacional de Justiça (CNJ) lançou, nesta quarta-feira (27), o Edital de Nacionalização de Soluções Tecnológicas no Âmbito do Programa Conecta . A iniciativa busca selecionar ferramentas desenvolvidas pelos tribunais brasileiros com potencial de adoção em todo o país, ampliando o compartilhamento de inovações entre os órgãos do Poder Judiciário. Desenvolvido pelo Justiça 4.0 e instituído ",1,
414784,Acordo entre CNJ e Ministério da Agricultura vai agilizar recuperação judicial de produtores rurais,"O Conselho Nacional de Justiça (CNJ) e o Ministério da Agricultura e Pecuária (Mapa) deram início a um projeto-piloto voltado ao uso de tecnologia de monitoramento geoespacial em processos de recuperação judicial de produtores rurais. O anúncio foi feito pelo conselheiro do CNJ Rodrigo Badaró durante a 8ª Sessão Ordinária de 2026, realizada nesta terça-feira (26/5). A iniciativa integra a infraest",1,
407652,23º Prêmio Innovare: abertas inscrições para a Categoria CNJ de Boas Práticas,"Estão abertas as inscrições para o 23º Prêmio Innovare (ano 2026). Interessados em disputar a Categoria CNJ de Boas Práticas do Poder Judiciário devem se inscrever no Portal de Boas Práticas até o dia 22 de abril. https://boaspraticas.cnj.jus.br/portal A categoria CNJ está no eixo Transparência. Poderão concorrer práticas que promovam, no âmbito do Poder Judiciário, o acesso à informação com simpl",1,
413026,Minuta apresentada ao presidente do CNJ define parâmetros para análise de provas digitais,"Uma minuta de resolução que estabelece diretrizes para o controle judicial da cadeia de custódia de vestígios digitais e para a apreciação da fiabilidade de provas digitais foi entregue para avaliação do presidente do Conselho Nacional de Justiça (CNJ), ministro Edson Fachin. O documento é resultado de estudos e debates realizados por grupo de trabalho instituído no âmbito do CNJ para discutir par",1,
401450,TJSE entrega livros para unidades de acolhimento e socioeducativas,"A Coordenadoria da Infância e Juventude (CIJ) do Tribunal de Justiça de Sergipe (TJSE) entregou livros para unidades de acolhimento institucional e de cumprimento de medidas socioeducativas neste mês. O material foi arrecadado durante a campanha Adote uma Cartinha, Presenteie com um Livro , realizada pela CIJ em dezembro de 2025. “A ideia era que um presente coletivo pudesse motivar as crianças e ",5,
410814,CNJ e gestores discutem padronização das diretrizes para o pagamento de precatórios,"O Conselho Nacional de Justiça (CNJ) e a Câmara Nacional de Gestores de Precatórios (CNGP) estão realizando um diálogo técnico sobre os principais desafios enfrentados pelos tribunais em relação ao pagamento de precatórios. Entre eles, está a alteração na resolução que trata da gestão e dos procedimentos operacionais desses pagamentos. Os representantes da CNGP estiveram reunidos, em 15 de abril, ",9,
401828,Apadrinhamento Afetivo: oportunidade de convivência familiar a crianças acolhidas,"Os programas de Apadrinhamento Afetivo e Financeiro no estado de São Paulo contam com uma página no site do Tribunal de Justiça de São Paulo (TJSP) para oferecer à população informações sobre os objetivos do trabalho, regramento e a lista das comarcas participantes. A ideia é apoiar jovens com menos chances de adoção. Acesse o portal do Apadrinhamento Afetivo. Direcionado a jovens com remotas poss",6,
404141,Bloquinho do Respeito: CNJ faz campanha pela proteção de crianças e adolescentes,"A proteção de crianças e adolescentes é o tema da campanha de Carnaval do Conselho Nacional de Justiça (CNJ) neste ano. O #BloquinhoDoRespeito, lançado nesta terça-feira (10/2), terá o lema “Cuidar é o nosso bloco”. A campanha reforça a proteção de direitos fundamentais desse público, além de divulgar canais e maneiras de denunciar violações. Até o dia 19 de fevereiro, serão divulgadas informações",6,
415105,Estudo vai avaliar integração nacional para tratamento de dúvidas registrais,"A possibilidade de padronizar e integrar nacionalmente o processamento das chamadas dúvidas registrais — procedimentos utilizados quando cartórios questionam pedidos apresentados por usuários — será avaliada pelo Conselho Nacional de Justiça (CNJ). O estudo irá diagnosticar a viabilidade de integração tecnológica, interoperabilidade, padronização mínima e consolidação nacional de dados relacionado",8,
405092,Projeto Manhãs com Libras chega à quarta edição,"O Tribunal de Justiça de São Paulo (TJSP) deu início em fevereiro à quarta edição do projeto Manhãs com Libras. Trata-se de iniciativa da Diretoria de Apoio aos Servidores (Daps), que realiza treinamentos semanais em Língua Brasileira de Sinas com servidores do TJSP. Os 404 inscritos foram divididos em oito turmas, que serão conduzidas pela servidora e intérprete de Libras Ariana Ribeiro Lara. Pre",0,
411958,11º Fonacor: Campbell Marques destaca políticas orientadas pelas realidades dos tribunais,"O corregedor nacional de Justiça, ministro Mauro Campbell Marques, abriu, nesta quarta-feira (29/4), o 11º Fórum Nacional das Corregedorias (Fonacor) com um panorama das ações do órgão desde 2024, quando assumiu o cargo no Conselho Nacional de Justiça (CNJ). Segundo ele, as medidas adotadas no último biênio buscaram ampliar a transparência e a segurança jurídica no sistema extrajudicial. Campbell ",3,
415638,Escuta promovida pelo CNJ reúne comunidade quilombola e instituições para tratar de conflito territorial no Pará,"Uma comitiva do Conselho Nacional de Justiça (CNJ) esteve na comunidade de Cachoeira Porteira, no município de Oriximiná, no Oeste no Pará, para uma escuta qualificada à população com relação a conflitos fundiários de sobreposição de territórios quilombolas e indígenas na região. O intuito é reunir informações técnicas, sociais e institucionais que possam subsidiar soluções consensuais e prevenir ",0,
406629,Corregedoria Nacional de Justiça inicia inspeção ordinária no TJRS,"A Corregedoria Nacional de Justiça (CNJ) iniciou, na manhã desta segunda-feira (9/3), os trabalhos de inspeção ordinária no Tribunal de Justiça do Rio Grande do Sul (TJRS). A atividade tem o objetivo de verificar o funcionamento de setores administrativos e judiciais do tribunal, tanto no primeiro quanto no segundo grau, além das serventias extrajudiciais. A Portaria n. 1/2026 prevê a realização d",9,
399925,Início do Pena Justa para retomada de controle das prisões marcou ações do CNJ em 2025,"O que acontece no sistema prisional brasileiro impacta diretamente a segurança pública e exige a retomada do controle desses espaços pelo Estado. Foi a partir desse entendimento que, em 2025, o Conselho Nacional de Justiça (CNJ) trabalhou para lançar o Pena Justa e iniciar sua implementação em todo o país, com mais de 300 metas previstas até 2027. A partir de decisão do Supremo Tribunal Federal (S",5,
401721,TJMA articula ação de compensação ambiental com plantio de mudas em São Luís,"O Tribunal de Justiça do Maranhão (TJMA) realizou a reunião de alinhamento para a 1ª Ação de Compensação de Gases de Efeito Estufa do Judiciário maranhense. A iniciativa integra o projeto Semente Ativa e prevê o plantio de 200 mudas nativas, em parceria com órgãos municipais. A ação será realizada no bairro da Cohab, em São Luís, e contará com a parceria do Impur, da Secretaria Municipal de Meio A",7,
410687,Federação das Indústrias firma adesão ao Programa Novos Caminhos no RJ,"O presidente do Tribunal de Justiça do Rio de Janeiro, desembargador Ricardo Couto de Castro, recebeu, na tarde da terça-feira (14/4), representantes da Federação das Indústrias do Estado do Rio de Janeiro (Firjan) para assinatura do termo de adesão integrante do Acordo de Cooperação Técnica CNJ/TJSC/TJRJ n. 34/2025 para implementação da Política Judiciária Programa Novos Caminho/CNJ – Módulo do R",5,
409833,Semana da Saúde: Atendimentos são realizados na periferia de Porto Velho,"Moradores da Vila Princesa, região periférica de Porto Velho, receberam, nesta terça-feira (7/4), uma ação de atendimentos na área da saúde durante a 2ª edição da Semana Nacional da Saúde, um evento proposto pelo CNJ em alusão ao Dia Mundial. Na quarta-feira (8/4), os atendimentos foram prestados às crianças de um abrigo institucional. A iniciativa, realizada em conjunto com os tribunais de todo p",2,
416615,Nota da Corregedoria Nacional de Justiça,"Neste domingo (14/6), o Conselho Nacional de Justiça realiza a 3ª edição do Exame Nacional dos Cartórios (ENAC), com aplicação simultânea nas 27 capitais do país. A edição reúne 9.326 inscrições, entre as quais constam candidatos autodeclarados pessoas negras, indígenas, quilombolas e pessoas com deficiência. O corregedor nacional de Justiça, ministro Mauro Campbell Marques, acompanha pessoalmente",8,
400228,"Judiciário ainda reflete desigualdade racial, afirma estudo","A análise da desigualdade racial a partir da branquidade do Poder Judiciário brasileiro e de seus privilégios estruturais — e de como esse fenômeno restringe o acesso e a permanência de pessoas negras na magistratura — constitui o eixo central do artigo O Véu da Branquidade e a Representatividade no Judiciário. De autoria do jurista Fernando Nascimento dos Santos, o texto aprofunda as dinâmicas de",3,
409770,"Segundo dia da Semana de Cultura articula trabalho, formação e acesso à leitura no RJ","Da terra cultivada na colônia agrícola em Magé aos corredores de uma editora de livros no centro do Rio de Janeiro, o segundo dia da Semana de Cultura no Sistema Prisional promoveu experiências e debates que envolveram pessoas privadas de liberdade, egressos do sistema e servidores que trabalham nas penitenciárias do estado. O evento, que começou ontem , integra o Horizontes Culturais, estratégia ",5,
407334,TJGO reformula sentença ao aplicar protocolos do CNJ sobre perspectiva de raça e de gênero,"A Quarta Turma Julgadora da 2ª Câmara Cível do Tribunal de Justiça de Goiás (TJGO) aplicou, em uma mesma sessão de julgamento, dois instrumentos do Conselho Nacional de Justiça (CNJ): o Protocolo para Julgamento com Perspectiva Racial e o Protocolo para Julgamento com Perspectiva de Gênero. A desembargadora Sirlei Martins da Costa avaliou que os dois processos distintos envolviam situações de vuln",8,
416577,Festival em Pernambuco consolida diálogo e inovação sobre IA no Judiciário,"A Escola Judicial de Pernambuco (Esmape) promoveu, nos dias 8 e 9 de junho, a primeira edição do Festival de Inteligência Artificial do Judiciário (FIAJ), em uma imersão inédita sobre os impactos e as possibilidades da IA no sistema de justiça brasileiro. A supervisora da Política de Inovação do Poder Judiciário, conselheira do CNJ Andréa Cunha Esmeraldo, participou da solenidade de abertura. A co",1,
415917,Leitura transforma vidas e reduz conflitos no Centro de Detenção de Cáceres,"Um projeto que começou atendendo 20 pessoas privadas de liberdade hoje alcança mais de 220 reeducandos no Centro de Detenção Provisório Masculino de Cáceres. Os resultados vão além da remição de pena: melhora na escrita, desenvolvimento do senso crítico, ampliação do vocabulário e até redução de conflitos dentro da unidade prisional. A experiência foi apresentada durante a capacitação Práticas de ",5,
411295,Justiça Itinerante leva cidadania e serviços essenciais às comunidades ribeirinhas,"O Tribunal de Rondônia promove mais uma operação da Justiça Itinerante para levar serviços essenciais de cidadania, Justiça e assistência social às comunidades ribeirinhas da região do Baixo Rio Madeira. O barco da Justiça partirá no dia 24 de abril, sexta-feira, do Porto do Cai N´Água, rumo à comunidade de Calama, primeira localidade atendida. Pela programação, a equipe permanecerá em Calama nos ",0,
405934,CNJ aprova nota técnica favorável a projeto que combate golpe do falso advogado,"O Plenário do Conselho Nacional de Justiça (CNJ) aprovou, nesta terça-feira (3/3), nota técnica favorável ao Projeto de Lei 4.709/2025, que cria medidas para prevenir e combater o chamado “golpe do falso advogado” e outras fraudes em processos eletrônicos. A decisão foi tomada durante a 1ª Sessão Extraordinária de 2026. A Nota Técnica 0001199-76.2026.2.00.0000 foi relatada pelo conselheiro Rodrigo",8,
415788,Justiça 4.0 lança curso para apoiar tribunais no uso do Prevjud,"O Conselho Nacional de Justiça (CNJ), no âmbito do Programa Justiça 4.0 , lança capacitação para uso do Serviço de Informação e Automação Previdenciária (Prevjud) . O curso é autoinstrucional, on-line , gratuito e busca apoiar magistradas, magistrados, servidoras e servidores no acesso às funcionalidades oferecidas pela ferramenta. De uso obrigatório para todos os tribunais brasileiros, o Prevjud ",1,
404556,"Cooperação institucional pauta reunião entre CNJ, PGE-SP e Secretaria de Segurança Pública de SP","O Conselho Nacional de Justiça (CNJ) e a Procuradoria-Geral do Estado de São Paulo (PGE-SP) realizaram reunião institucional, nesta quinta-feira (12/2), com o objetivo de tratar de temas estratégicos para o fortalecimento da atuação do sistema de Justiça e da Administração Pública, com destaque para o Juizado Especial da Fazenda Pública e para as ações coletivas envolvendo o funcionalismo público.",4,
402488,TRT da Paraíba avança na sustentabilidade e bate recordes de economia em 2025,"O Tribunal Regional do Trabalho da 13ª Região (TRT-13), na Paraíba, demonstrou avanços significativos na gestão socioambiental em 2025. De acordo com a Secretaria de Governança e Gestão Estratégica (Seggest), o tribunal avançou da quinta para a terceira posição no Índice de Desempenho em Sustentabilidade (IDS) do Conselho Nacional de Justiça (CNJ) entre os tribunais do trabalho, conforme o relatór",7,
403635,Projeto vencedor de prêmio nacional democratiza o acesso à saúde no RS,"A utilização estratégica de dados da judicialização da saúde tem permitido transformar demandas individuais em benefícios coletivos no Rio Grande do Sul. Essa é a principal contribuição do projeto Uso de Dados da Judicialização da Saúde para Aprimoramento da Política Pública, desenvolvido pela Procuradoria-Geral do Estado do Rio Grande do Sul (PGE-RS), vencedor da 3ª edição do Prêmio Justiça e Saú",2,
404576,CNJ lança solução para facilitar envio de informações sobre bens apreendidos no país,"O Conselho Nacional de Justiça (CNJ) disponibilizou uma solução que permite o envio e a atualização automatizada de informações sobre bens apreendidos em todo o país, especialmente por órgãos que já possuem sistemas próprios de gestão de bens. A nova ferramenta é uma API (sigla em inglês para Interface de Programação de Aplicações), que possibilita que dois softwares ou sistemas se comuniquem e tr",1,
401968,TRT-RJ compensa a emissão de mil toneladas de CO2 por meio da compra de créditos de carbono,"O Tribunal Regional do Trabalho da 1ª Região (TRT-RJ) realizou, no fim do ano de 2025, a compra de mil créditos de carbono para compensar as emissões de gases de efeito estufa do Tribunal referentes ao ano de 2024, conforme apurado no Inventário de emissões de gases do efeito estufa do TRT-RJ . A iniciativa permitiu a compensação de mil toneladas de CO2, neutralizando parte das emissões geradas pe",7,
400150,Artigo analisa atuação do CNJ na superação do estado de coisas inconstitucional no sistema prisional,"A atuação do Conselho Nacional de Justiça (CNJ) na superação do Estado de Coisas Inconstitucional (ECI) no sistema prisional brasileiro é tema de artigo publicado na nova edição da Revista CNJ . Publicado no Portal do Conselho , o texto analisa o Plano Pena Justa, lançado em fevereiro de 2025, e discute seu potencial para transformar a política penal no país. Assinado pela psicóloga Laura Guimarãe",5,
416913,Pesquisa sobre avaliação do Poder Judiciário pela sociedade será apresentada nesta quinta (18),"O Conselho Nacional de Justiça (CNJ) vai apresentar, na quinta-feira (18/6), o resultado da 2ª Pesquisa sobre Percepção e Avaliação do Poder Judiciário Brasileiro. O estudo mapeou a avaliação de diferentes públicos — cidadãos com processo judicial recente, advogados, defensores públicos e integrantes do Ministério Público — sobre temas como acesso à Justiça, qualidade dos serviços, confiança insti",1,
413069,Ministro Fachin assina acordo com instituições financeiras para aperfeiçoar Sisbajud,"O presidente do Conselho Nacional de Justiça (CNJ) e do Supremo Tribunal Federal (STF), ministro Edson Fachin, firmou, nesta segunda-feira (11/5), acordo de cooperação técnica com representantes de cinco instituições financeiras (IFs) brasileiras. Elas participarão do projeto-piloto de transição controlada do novo Manual do Sistema de Busca de Ativos do Poder Judiciário (Sisbajud) . Entre as alter",9,
401058,Judiciário piauiense destina mais de 58 toneladas de materiais para reciclagem,"O Tribunal de Justiça do Piauí (TJPI) registrou, em 2025, um avanço expressivo na gestão de resíduos sólidos e na Política Institucional de Sustentabilidade. De acordo com relatório apresentado pelo Núcleo Socioambiental (Nusa) do Judiciário piauiense, ao longo do ano foram destinadas corretamente 58,6 toneladas de materiais recicláveis. Esse volume foi quase 50 vezes superior ao de 2024, quando f",7,
401373,Corregedoria-Geral de Justiça do Amazonas e CNJ preparam nova edição da Semana Solo Seguro Amazônia Legal,"No período de 16 a 20 de março, com abertura programada para ocorrer no estado do Amazonas, será realizada a nova edição da Semana Solo Seguro Amazônia Legal. Coordenado pela Corregedoria Nacional de Justiça, a ação pretende fortalecer a governança fundiária, a promoção da Justiça, o acesso regular à terra, a segurança jurídica e a proteção ambiental nos estados que compõem a Amazônia Legal: Amazô",0,
400922,Novos Caminhos completa dois anos com oportunidades para jovens em acolhimento institucional em todo o país,"Cerca de 150 jovens oriundos de programas de acolhimento institucional e/ou em cumprimento de medidas socioeducativas estão entre os 715 contemplados com vagas no Programa Petrobras Jovem Aprendiz (PPJA). A iniciativa está inserida na série de oportunidades ofertadas pela rede de entidades parceiras do programa Novos Caminhos, do Conselho Nacional de Justiça (CNJ), que celebra dois anos de existên",6,
412192,Justiça Originária: desafios persistem para levar a Lei Maria da Penha aos territórios indígenas,"Dados recentes sobre violência contra mulheres indígenas reforçam a urgência de políticas públicas específicas e de maior presença do Estado em territórios tradicionais. Levantamento com base no Sistema de Informação de Agravos de Notificação (Sinan), do Ministério da Saúde, aponta que a violência geral contra mulheres indígenas cresceu 258% entre 2014 e 2023. No mesmo período, os casos de violênc",2,
404950,Clube de leitura Cria das Letras chega a unidades socioeducativas em mais seis estados,"O projeto Cria das Letras, que implementa clubes de leitura em unidades socioeducativas, entra em sua segunda fase em 2026 com expansão para seis novos estados — Rio de Janeiro, Mato Grosso, Tocantins, Espírito Santo, Acre e Rio Grande do Sul. A iniciativa é coordenada pelo Conselho Nacional de Justiça (CNJ), no âmbito do Programa Fazendo Justiça , em parceria com o Programa das Nações Unidas para",5,
401563,Violência contra mulheres: TJRJ realiza capacitação na Liga Independente das Escolas de Samba,"Um “enredo” não raro no Carnaval, mas quase sempre silencioso, foi o foco do encontro promovido pelo Tribunal de Justiça do Rio de Janeiro (TJRJ) na Liga Independente das Escolas de Samba (Liesa). Com uma plateia majoritariamente masculina, as Juízas Luciana Fiala e Katerine Jatahy conduziram uma capacitação inédita de combate à violência contra a mulher na Passarela do Samba para os desfiles de 2",4,
406532,PopRuaJud 2026 começa no CNJ com participação de pessoas que viveram nas ruas,"O Conselho Nacional de Justiça (CNJ) realiza, nesta segunda-feira (9/3) e terça-feira (10/3), a abertura dos trabalhos da Rede PopRuaJud 2026, iniciativa voltada ao fortalecimento da política judicial de atenção às pessoas em situação de rua. O encontro ocorrerá no auditório do Conselho, em Brasília (DF), e reunirá integrantes do Sistema de Justiça, representantes de movimentos sociais e pessoas q",0,
411326,Programa Ciclo Verde fortalece política de sustentabilidade no Dia da Terra,"Em alusão ao Dia da Terra, celebrado neste 22 de abril, o Tribunal de Justiça do Estado do Piauí (TJPI) lançou o “Ciclo Verde TJPI: Programa de Destinação Sustentável de Bens em Depósitos Judiciais”. A iniciativa tem como objetivo assegurar a destinação ambientalmente adequada de bens sob custódia do Judiciário, consolidando um avanço relevante na política socioambiental da instituição. O presiden",7,
410679,TJ da Paraíba adota modelo Logística Reversa em todas as comarcas,"Manter o compromisso com a sustentabilidade é uma missão que exige atitude. É por isso que o Tribunal de Justiça da Paraíba tem promovido, constantemente, ações para assegurar a preservação do meio ambiente, o uso consciente de recursos naturais e o fortalecimento da responsabilidade socioambiental no âmbito do Poder Judiciário. Não à toa, o TJPB será o maior sistema de Logística Reversa de resídu",7,
414948,Mês da Infância Protegida: políticas judiciárias protegem e asseguram direitos fundamentais,"O incentivo à articulação entre os órgãos do sistema de justiça que atuam na rede de proteção à criança e ao adolescente está no foco de atuação do Conselho Nacional de Justiça (CNJ) durante este mês de maio. Ao lançar a primeira edição do Mês da Infância Protegida , o CNJ atua para destacar políticas judiciárias e práticas de enfrentamento das violências e para assegurar celeridade da resposta ju",6,
409829,Mitos que silenciam: TJSC lança série no Instagram sobre violência doméstica,"A violência doméstica costuma começar de forma silenciosa, muitas vezes sustentada por frases naturalizadas no cotidiano. Expressões como “em briga de marido e mulher ninguém mete a colher” e “se fosse tão ruim assim, ela já teria saído de casa” contribuem para perpetuar o silêncio, proteger o agressor e isolar a vítima, fatores que tornam a violência menos visível. Para enfrentar esse cenário, o ",4,
410142,Nota da Corregedoria Nacional de Justiça sobre ação no TJAL,"Nota à imprensa — Corregedoria Nacional de Justiça A Corregedoria Nacional de Justiça informa que deu início, no presente dia (13/4/2026), a uma correição extraordinária em específicos processos em tramitação no gabinete do desembargador Carlos Cavalcanti de Albuquerque Filho, integrante do Tribunal de Justiça de Alagoas (TJAL). A medida visa fiscalizar a regularidade dos mencionados processos sob",8,
400593,Justiça Eleitoral do Rio de Janeiro investe no reflorestamento da Mata Atlântica,"O noroeste do Rio de Janeiro é uma das regiões com menor renda per capita e de maior desmatamento da Mata Atlântica na comparação com outras áreas do estado. Dados oficiais revelam que as áreas degradadas pela agricultura e pela pecuária na região podem chegar a 93%. Uma das formas de reduzir o impacto da destruição desse bioma, que é um dos mais ricos em espécies do mundo, é o incentivo a projeto",7,
417102,Ferramenta criada por servidores do Judiciário ganha lançamento oficial nesta quinta-feira (18),"Magistrados, servidores e assessores terão a oportunidade de conhecer, nesta quinta-feira (18 de junho), às 9h, no Fórum da Capital, em Cuiabá, a OMNIA, ferramenta de inteligência artificial desenvolvida por servidores do Poder Judiciário de Mato Grosso para apoiar a gestão da produtividade das unidades judiciárias. O lançamento oficial marca o início da implantação estadual da solução, criada pel",1,
416340,CNJ lança cartilha sobre gestão de resíduos sólidos na Semana da Pauta Verde,"Ao anunciar a abertura da segunda edição da Semana da Pauta Verde, iniciada na última segunda-feira (8) e que segue até o dia 12 de junho, o conselheiro Ilan Presser lançou a Cartilha de Gestão de Resíduos Sólidos durante a 9ª Sessão Ordinária do Conselho Nacional de Justiça (CNJ), na terça-feira (9/6). A publicação começou a ser desenvolvida na gestão da então conselheira Daniela Madeira e integr",7,
410690,Justiça Eleitoral do TO orienta sobre inclusão do nome social no título de eleitor,"O nome social é a forma pela qual pessoas travestis e transexuais se identificam e são reconhecidas socialmente. Em compromisso com o respeito à identidade de eleitoras e eleitores, a Justiça Eleitoral do Tocantins orienta que a inclusão do nome social pode ser feita no momento do alistamento ou na atualização dos dados cadastrais, mediante autodeclaração. A medida assegura o reconhecimento da ide",0,
403886,Ceará inicia fase de homologação para implantar a Plataforma Socioeducativa,"O Tribunal de Justiça do Ceará (TJCE) recebe, a partir desta segunda-feira (9/2), uma equipe do Conselho Nacional de Justiça (CNJ) para iniciar a homologação da Plataforma Socioeducativa (PSE). O objetivo da missão, que segue até a próxima quinta-feira (12), é definir padrões e ajustes necessários para a utilização da ferramenta, que funciona de forma integrada ao Processo Judicial Eletrônico (PJe",5,
413775,Tribunal de Goiás celebra casamento comunitário LGBTQIA+ com 106 casais,"O Tribunal de Justiça de Goiás (TJGO), em parceria com a Corregedoria do Foro Extrajudicial (Cogex) e o Comitê de Equidade e Diversidade de Gênero, promoverá, nesta quinta-feira (21/5), às 17 horas, na área externa do Fórum Cível da Comarca de Goiânia, a 2ª edição do Casamento Comunitário gratuito para 106 casais LGBTQIA+. A celebração oferece, gratuitamente, o acesso ao registro de casamento civi",0,
415059,Fachin defende comunicação do Judiciário como instrumento de confiança e democracia,"“A comunicação do Judiciário vai além da simples transmissão de informações. Ela implica construir confiança, garantir a compreensão das decisões e fortalecer a democracia brasileira.” A afirmação é do presidente do Conselho Nacional de Justiça (CNJ) e do Supremo Tribunal Federal (STF), ministro Edson Fachin, durante a abertura do 5º Encontro Nacional de Comunicação do Poder Judiciário, na manhã d",3,
409526,Webinário do CNJ reforça integração entre Judiciário e Ligue 180 para proteger mulheres,"A articulação entre o canal Ligue 180 e o sistema de Justiça foi apontada como essencial para garantir a efetividade da rede de proteção à mulher. O tema marcou o webinário “Acesso à Proteção e Qualificação da Resposta Judicial”, promovido pelo Conselho Nacional de Justiça (CNJ) em parceria com o Ministério das Mulheres, que reuniu especialistas e magistrados de todo o país para discutir caminhos ",4,
402473,Justiça Federal no Amapá instala Ecoponto para descarte de vidro,"A Seção Judiciária do Amapá (SJAP) instalou um novo Ecoponto exclusivo para o descarte de vidro. A iniciativa, realizada em parceria com o Serviço Brasileiro de Apoio às Micro e Pequenas Empresas (Sebrae), busca fortalecer a sustentabilidade e a responsabilidade socioambiental. O projeto visa reduzir os impactos ambientais causados pelo descarte incorreto de resíduos, promover a coleta seletiva e ",7,
400762,Produtividade: TJPI encerra 2025 com mais de 400 mil processos baixados,"O Tribunal de Justiça do Piauí (TJPI) concluiu o ano de 2025 com a baixa de 418.036 processos, resultado que consolida uma trajetória de crescimento contínuo e reforça a política institucional de enfrentamento ao acervo processual. O desempenho alcançado rendeu ao TJPI reconhecimento nacional por boas práticas de gestão, além de impactos concretos na prestação jurisdicional e na qualidade dos serv",2,
400173,Política de precatórios do CNJ tem foco na transparência e na previsibilidade de pagamentos,"A Agência CNJ de Notícias publica uma série de reportagens que consolidam as diretrizes e as ações do Conselho Nacional de Justiça (CNJ) voltadas ao aperfeiçoamento contínuo dos serviços da Justiça. Cada linha de atuação está ligada ao mandato de uma conselheira ou de um conselheiro, cujos destaques do trabalho serão aqui apresentados. Uma pessoa se machuca em uma obra pública que estava sendo fei",9,
414066,Justiça Estadual ultrapassa 1 milhão de atos processuais em 2026,"Nos primeiros cinco meses de 2026, o Tribunal de Justiça de Pernambuco (TJPE) já realizou mais de 1 milhão de atos processuais. O número é do Decisômetro, ferramenta tecnológica criada para permitir que a população acompanhe a produtividade do Judiciário estadual. Até a manhã desta quarta-feira (20/5), foram 260.816 decisões, 416.825 despachos e 153.100 julgamentos no 1º Grau; 21.497 decisões, 72.",1,
414404,Plenário do CNJ analisa na próxima terça (26) resolução que cria contracheque único para magistrados,"O Conselho Nacional de Justiça (CNJ) vai analisar, na próxima terça-feira (26/5), resolução que estabelece a obrigatoriedade do chamado “contracheque único” para a magistratura em todo o país. A medida decorre do cumprimento das recentes decisões do Supremo Tribunal Federal (STF) em ações que discutem a transparência remuneratória e a observância do teto constitucional no âmbito do Poder Judiciári",9,
413239,Rede de inteligência da 1ª Região debate desafios da implementação da LGPD no Judiciário,"Perspectivas e desafios na aplicação da Lei Geral de Proteção de Dados Pessoais (LGPD) pelo Poder Judiciário foi o tema da reunião promovida pela Rede de Inteligência da 1ª Região (Reint1), realizada no dia 5 de maio de 2026. O encontro reuniu magistradas(os), servidoras(es) e especialistas para refletirem sobre os avanços e os riscos envolvidos no tratamento de dados pessoais em processos judicia",1,
416111,CNJ recebe seminário sobre judicialização da defesa da concorrência no Brasil,"Os desafios da judicialização da política de defesa da concorrência no Brasil serão tema do seminário Defesa da Concorrência em Juízo , marcado para os dias 11 e 12 de junho. Promovido pelo Conselho Nacional de Justiça (CNJ), em parceria com o Conselho Nacional do Ministério Público (CNMP), o Conselho Administrativo de Defesa Econômica (Cade) e a Advocacia-Geral da União (AGU), o evento reunirá es",3,
413746,Dia de Combate ao Abuso Sexual de Crianças tem ações de proteção infantojuvenil em todo o país,"Neste 18 de maio, Dia Nacional de Combate ao Abuso e à Exploração Sexual de Crianças e Adolescentes, o Conselho Nacional de Justiça (CNJ) reforça ações voltadas à proteção da infância e da juventude e ao fortalecimento da rede de atendimento em todo o país. As iniciativas integram o programa “Mês da Infância Protegida”, coordenado pelo CNJ em articulação com tribunais, Ministério Público, Defensor",6,
409927,Semana de Cultura promove visitas a museus e destaca arte feita por pessoas privadas de liberdade,"Um percurso que atravessou a cidade e proporcionou experiências inéditas de contato com a arte, tanto para quem assistiu quanto para quem participou. No terceiro dia da Semana de Cultura no Sistema Prisional, as atividades ultrapassaram as unidades prisionais e se estenderam por diferentes espaços do Rio de Janeiro, articulando leitura, criação e circulação cultural entre pessoas privadas de liber",5,
412610,5º Fonape: primeiro dia traz experiências internacionais sobre Justiça Restaurativa,"O primeiro dia do 5º Fórum Nacional de Alternativas Penais (Fonape) reuniu especialistas do Brasil e do exterior para discutir o papel da Justiça Restaurativa na superação da crise do sistema prisional. Depois da participação do ministro Edson Fachin , os debates apontaram a necessidade de enxergar a Justiça Restaurativa não apenas como uma técnica de mediação, mas como ferramenta válida para a po",5,
406343,"Observatório inicia 2026 acompanhando casos relacionados a conflitos fundiários, tragédias e crimes dolosos","Membros do Conselho Nacional de Justiça (CNJ), do Conselho Nacional do Ministério Público (CNMP), da Defensoria Pública da União (DPU) e do Ministério da Justiça e Cidadania estiveram reunidos, na quarta-feira (4/3), na sede do CNJ, em Brasília, para a primeira reunião de 2026 do Observatório de Causas de Grande Repercussão (OCGR). Criado em 2019, o grupo monitora casos de alta complexidade e arti",3,
409832,Observatório do Judiciário acompanha avanço em processos de grande repercussão no RJ,"Processos judiciais de forte impacto social no país estiveram no centro da reunião do Observatório de Casos de Grande Repercussão (OCGR), realizada nesta quinta-feira (9/4), no Tribunal de Justiça do Rio de Janeiro (TJRJ). O colegiado formado pelo Conselho Nacional de Justiça (CNJ) e o Conselho Nacional do Ministério Público (CNMP) discutiu o andamento de investigações e ações penais relacionadas ",3,
413220,Guilherme Feliciano recebe homenagens em última sessão como conselheiro do CNJ,"O Plenário do Conselho Nacional de Justiça (CNJ) prestou homenagem, nesta terça-feira (12/5), ao conselheiro Guilherme Feliciano. A atuação do magistrado da Justiça do Trabalho no órgão foi marcada pela defesa da sustentabilidade, da inclusão, da acessibilidade e da valorização das carreiras do Poder Judiciário. Feliciano encerra seu mandato após integrar o CNJ desde 2024. Na abertura da homenagem",3,
411810,Pesquisa do CNJ ouve trabalhadoras e trabalhadores do Judiciário sobre cuidados,"O Conselho Nacional de Justiça (CNJ) lançou nessa segunda-feira (27/04) uma pesquisa nacional para compreender como as responsabilidades de cuidado — com crianças, familiares idosos, pessoas com deficiência e a própria saúde, por exemplo — afetam a vida profissional das trabalhadoras e dos trabalhadores do Poder Judiciário. A iniciativa é do Grupo de Trabalho de Cuidados (GT de Cuidados), criado p",2,
413445,Paz nas Arenas: TJ de Minas integra comitiva para visita técnica em Salvador,"O Grupo de Trabalho (GT) “Paz nas Arenas”, do Conselho Nacional de Justiça (CNJ), realizou visita técnica à Arena Fonte Nova, em Salvador (BA). A atividade foi realizada no dia 9/5, durante a partida entre Esporte Clube Bahia e Cruzeiro Esporte Clube, válida pelo Campeonato Brasileiro. Além de acompanhar o jogo, a comitiva percorreu diferentes áreas do estádio para observar procedimentos ligados à",4,
406884,CNJ e TJPR firmam cooperação para criação do Programa Brasil Lilás de prevenção à violência de gênero,"O Conselho Nacional de Justiça (CNJ) e o Tribunal de Justiça do Estado do Paraná (TJPR) firmaram acordo de cooperação técnica para a criação e a expansão do Programa Brasil Lilás, iniciativa voltada à promoção de ações educativas de prevenção à violência de gênero em âmbito nacional. O acordo foi assinado pelo presidente do CNJ e do Supremo Tribunal Federal, Ministro Luiz Edson Fachin, e pela pres",4,
406494,Conselho Consultivo do CNJ discute temáticas para pesquisas sobre o Judiciário,"O Conselho Consultivo do Departamento de Pesquisas Judiciárias (DPJ) do Conselho Nacional de Justiça (CNJ) discutiu, nesta quinta-feira (5/3), iniciativas de pesquisa relacionadas ao funcionamento do Sistema de Justiça. O encontro foi conduzido pelo coordenador do colegiado, Fernando Facury Scaff, e contou com a participação da secretária-geral do CNJ, Clara Mota, além de integrantes do conselho. ",9,
402659,"TJMS economiza mais de R$ 4,7 milhões em 2025 com uso de energia fotovoltaica","O investimento do Poder Judiciário de Mato Grosso do Sul em energia limpa consolidou resultados expressivos ao longo de 2025, alcançando uma economia de mais de R$ 4,7 milhões nos custos de eletricidade. Por meio da operação de 54 sistemas fotovoltaicos instalados em diversas unidades, o TJMS gerou cerca de 9,5 milhões de kWh no último ano, suprindo quase a totalidade do consumo efetivo do Judiciá",7,
407320,Usina solar inaugurada em Santarém suprirá 60% da energia do TRE-PA,"O Tribunal Regional Eleitoral do Pará (TRE-PA) inaugurou, no fim de fevereiro, em Santarém, no oeste paraense, a Usina Fotovoltaica Diogo Seixas Condurú. O empreendimento representa um marco para a economia e a sustentabilidade do Tribunal, com capacidade para atender 60% do consumo de energia elétrica da sede e das 101 Zonas Eleitorais do estado. O complexo ocupa uma área de 14 mil m² e conta com",7,
411367,Repórter Justiça desta quinta (23/4) destaca cenário de imóveis abandonados no Brasil,"O programa Repórter Justiça, produzido pela TV Justiça em parceria com o Conselho Nacional de Justiça, aborda, nesta quinta-feira (23/4), um problema estrutural que reflete diretamente na organização das cidades e no acesso aos direitos: o abandono de imóveis no Brasil. Atualmente, mais de 11 milhões de imóveis estão desocupados no país, segundo dados do Instituto Brasileiro de Geografia e Estatís",0,
406664,“Registre-se!” leva documentação a mil indígenas no Vale do Javari (AM),"Mais de 1,3 mil indígenas da etnia Kanamari tiveram acesso à emissão e regularização de documentos civis durante o mutirão “Registre-se — Brasil Parente”, realizado na aldeia Massapê, no Vale do Javari (AM), entre os dias 3 e 5 de março de 2026. A ação, promovida pelo Conselho Nacional de Justiça (CNJ) com a colaboração da Corregedoria-Geral de Justiça do Amazonas (CGJ-AM), levou serviços essencia",0,
413335,Delegação de Angola vem ao Brasil para diálogo judicial entre os dois países,"Com o objetivo de fortalecer o intercâmbio judicial e a cooperação entre os dois países, representantes do Tribunal Supremo e dos Tribunais das Relações de Angola estarão em missão oficial no Brasil a partir desta quarta-feira (13). Os magistrados angolanos, que permanecem no país até o dia 19, participarão do 1º Diálogo Judicial entre Brasil e Angola , com atividades no Rio de Janeiro e em Brasíl",3,
416918,Um ano de balcão visual: saiba como funciona projeto de acessibilidade em Libras,"Com mais de um ano de nacionalização, o Balcão Visual é um projeto que visa oferecer acessibilidade a pessoas surdas na Justiça do Trabalho. Gratuito e feito por servidores dos Tribunais Regionais do Trabalho da 7ª, 9ª, 13ª, 15ª, 16ª e 18ª Regiões (Ceará, Paraná, Paraíba, Maranhão e Goiás, respectivamente), o atendimento em Libras pode ser acessado de segunda a sexta-feira, das 12h às 16h. Para te",5,
409792,"CNJ abre no Rio agenda sobre violência de Estado com participação da sociedade civil, de vítimas e familiares","O Conselho Nacional de Justiça (CNJ) iniciou, na terça-feira (8/4), no Rio de Janeiro, uma agenda de trabalho do Observatório dos Direitos Humanos (ODH) voltada ao fortalecimento da atuação do Poder Judiciário em casos envolvendo violência de Estado. Com programação até sexta-feira (10/4), as atividades contam com a participação de representantes de órgãos do sistema de justiça, da sociedade civil",3,
412740,5º Fonape: último dia debate caminhos para integrar Justiça Restaurativa ao sistema penal,"Após um primeiro dia dedicado ao papel da Justiça Restaurativa na superação da crise do sistema prisional, o segundo e último dia do 5º Fórum Nacional de Alternativas Penais (Fonape) debateu formas de aplicar essa abordagem no sistema de justiça criminal brasileiro. Juristas e especialistas defenderam a integração da Justiça Restaurativa às estruturas institucionais e destacaram a necessidade de u",3,
406754,Pesquisas sobre feminicídio e atendimento às vítimas pautam seminário do CNJ,"A violência doméstica e familiar contra a mulher será o tema do segundo evento do ano do Seminário de Pesquisas Empíricas Aplicadas às Políticas Judiciárias, promovido pelo Conselho Nacional de Justiça (CNJ). O encontro acontece nesta quinta-feira (12/3), a partir das 17h, com apresentação de pesquisas sobre diferentes aspectos do enfrentamento à violência de gênero. O seminário reúne quatro estud",4,
414853,"Em novo processo, juiz de Roraima responderá por suspeita de venda de sentenças","O Plenário do Conselho Nacional de Justiça (CNJ) decidiu, por unanimidade, abrir um novo processo administrativo disciplinar (PAD) contra o juiz do Tribunal de Justiça de Roraima (TJRR) Aluízio Ferreira Vieira. As novas investigações são ligadas a supostas irregularidades reveladas durante a Operação Fullone, realizada pela Polícia Federal com autorização do Superior Tribunal de Justiça (STJ), em ",8,
405589,Nota à imprensa: afastamento do desembargador Magid Láuar,"A Corregedoria Nacional de Justiça (CNJ) determinou, nesta sexta-feira, 27 de fevereiro, o afastamento imediato das funções do desembargador Magid Nauef Láuar, desembargador integrante da 9ª Câmara Criminal do Tribunal de Justiça de Minas Gerais. A partir de investigação preliminar conduzida pelo órgão para apurar indícios de teratologia em decisão proferida pelo requerido, a qual gerou forte cons",8,
406878,Encontro reforça o compromisso institucional com população em situação de rua,"O Conselho Nacional de Justiça (CNJ) realizou, na manhã da terça-feira (10/3), em Brasília, a abertura do segundo dia de atividades da Rede PopRuaJud 2026 — iniciativa voltada à Política Nacional de Atenção às Pessoas em Situação de Rua e suas interseccionalidades. O encontro reuniu representantes do sistema de Justiça, órgãos públicos e movimentos sociais para discutir estratégias e construir o P",0,
414060,Da rua para o lar: menino de cinco anos ganha família após ação do PopRuaJud,"Até pouco tempo atrás, o pequeno L.G., de apenas cinco anos, vivia em situação de vulnerabilidade social, sem estabilidade e longe da proteção que toda criança merece e deve ter. Hoje, a realidade é outra: ele ganhou o sobrenome do pai na certidão de nascimento, passou a morar em um lar definitivo, está frequentando a escola e voltou a sorrir. A mudança aconteceu graças a uma atuação conjunta do P",6,
400765,"Projeto sobre combate ao trabalho escravo atendeu a mais de 2,6 mil pessoas em 2025","O projeto Caminhos da Liberdade, coordenado pelo Tribunal Regional do Trabalho da 16ª Região (TRT-16), no Maranhão, atendeu a 2.658 pessoas em 15 cidades. Foram realizadas palestras e rodas de conversas para estudantes quilombolas da educação de jovens e adultos do ensino médio e a comunidade em geral, incluindo guias de turismo e outros profissionais. Além da Capital, São Luís, as cidades de Barr",6,
407138,Tribunais da Região Sul debatem sustentabilidade e gestão de crises socioambientais no Poder Judiciário,"Representantes de tribunais da Região Sul participam, até esta sexta-feira (13), da 2ª Semana Nacional de Sustentabilidade do Poder Judiciário – Região Sul, realizada em Porto Alegre (RS). O evento ocorre na Escola Superior do Tribunal Regional Federal da 4ª Região (TRF-4) e reúne magistrados, gestores e especialistas para discutir práticas de sustentabilidade e de gestão de crises socioambientais",7,
410916,"Programa voltado à cidadania de pessoas em situação de rua é lançado pelo CNJ, com mutirão nacional","Garantir documentos de registro civil para pessoas em situação de rua. Esse é o foco de uma nova frente de trabalho do Conselho Nacional de Justiça (CNJ), por meio da Corregedoria Nacional. É o Registre-se Pop Rua , que será lançado no próximo dia 27/4, no Pavilhão do Parque da Cidade, em Brasília (DF), em parceria com a Seção Judiciária do Distrito Federal do Tribunal Regional Federal da 1ª Regiã",0,
402069,TJGO abre inscrições para a 2ª edição do casamento LGBTQIA+,"O Tribunal de Justiça de Goiás (TJGO) recebe, a partir desta segunda-feira (26/1), as inscrições de casais interessados em participar da 2ª edição do Casamento Comunitário gratuito para a população LGBTQIA+. A iniciativa é da Presidência do TJGO, em parceria com a Corregedoria do Foro Extrajudicial e o Comitê de Equidade e Diversidade de Gênero. As inscrições vão até o dia 12 de fevereiro, ou até ",0,
412530,"Mutirões, prioridade processual e escuta protegida marcam mobilização nacional pela infância","Toda criança e todo adolescente têm direito a crescer em segurança, protegidos de todo tipo de violência. Com esse compromisso, assumido pelo Estado e pela sociedade, o Poder Judiciário promoverá, ao longo do mês de maio, uma mobilização nacional voltada ao fortalecimento de políticas públicas infantojuvenis. Pela primeira vez, tribunais de todo o país participarão do Mês da Infância Protegida, in",6,
406046,Julgamento valoriza a finalidade da política de cotas raciais de reduzir desigualdades estruturais,"O Plenário do Conselho Nacional de Justiça (CNJ) determinou que o Tribunal de Justiça do Ceará (TJCE) nomeie, independentemente de novo concurso, candidatos cotistas e pessoas com deficiência aprovados para o cargo de Técnico Judiciário no Edital 1/2023, até o limite de 42 vagas. A decisão foi tomada na 1ª Sessão Extraordinária de 2026, realizada nesta terça-feira (3/3), durante julgamento do Proc",8,
411376,Justiça Eleitoral em PE participa do PopRuaJud 2026,"O Tribunal Regional Eleitoral de Pernambuco (TRE-PE) participou, na quinta-feira (23/4), da primeira edição do Mutirão PopRua Jud de 2026, iniciativa voltada ao atendimento da população em situação de vulnerabilidade. A ação ocorreu das 8h às 12h, no Centro Integrado de Atenção à População em Situação de Rua ( Cinpop ) da Prefeitura do Recife, no bairro de Santo Amaro, no Recife. Durante o mutirão",0,
405378,TRT-MG apresenta iniciativa que incentiva conciliação no evento Disseminando Boas Práticas do Poder Judiciário,"O Conselho Nacional de Justiça (CNJ) promoveu, nesta quarta-feira (25/2), a 27ª edição do evento Disseminando Boas Práticas do Poder Judiciário. O evento foi realizado on-line e reuniu representantes de vários tribunais do país para a apresentação de iniciativas que estão contribuindo para uma maior eficiência do Poder Judiciário brasileiro. O TRT-MG participou contribuindo com a apresentação da p",3,
407452,Pesquisas apresentam perfis de autores de violência doméstica e barreiras enfrentadas por mulheres na Justiça,"O Conselho Nacional de Justiça (CNJ) promoveu um webinário sobre violência doméstica e familiar contra a mulher como parte da série “Seminário de Pesquisas Empíricas Aplicadas às Políticas Judiciárias”, organizada pelo Departamento de Pesquisas Judiciárias. Durante o encontro, pesquisadores apresentaram estudos que analisam diferentes dimensões do fenômeno, como o perfil de autores de violência, b",4,
407111,Encontro discute avanços e desafios do Sistema Nacional de Adoção,"O Tribunal de Justiça de Alagoas (TJAL) sediou, nesta quinta-feira (12), a abertura do I Encontro de Administradores/as Estaduais do Sistema Nacional de Adoção e Acolhimento (SNA). A ferramenta, desenvolvida pelo Conselho Nacional de Justiça (CNJ), reúne e monitora os processos de adoção de crianças e adolescentes no Brasil. O evento contou com a presença do conselheiro Fabio Esteves. O presidente",6,
414838,Justiça reforça importância da adoção legal e amplia ações de proteção à infância no Amazonas,"O Tribunal de Justiça do Amazonas (TJAM), por meio do Juizado da Infância e da Juventude Civil da Comarca de Manaus, reforça nesse “Dia Nacional da Adoção” (25/5), a importância da adoção legal como instrumento de garantia de direitos, proteção e construção de vínculos afetivos seguros para crianças e adolescentes acolhidos em instituições no estado. Em alusão à data, ao longo do mês de maio o Jui",6,
416120,Inteligência Artificial: CNJ aprova orientações para a manutenção da segurança jurídica,"A adoção de medidas para preservar a segurança jurídica no contexto de uso de Inteligência Artificial na Justiça é o foco da nota técnica aprovada na 9ª Sessão Ordinária de 2026 do Conselho Nacional de Justiça (CNJ), realizada nesta terça-feira (9/6). As orientações buscam reduzir os riscos de interferência de comandos escondidos inseridos em arquivos processuais – chamados de prompt injection – q",1,
407899,Proposta de portal busca ampliar transparência sobre despesas retroativas do Judiciário,"Para ampliar a transparência na divulgação de despesas de pessoal relativas a períodos anteriores, o Conselho Nacional de Justiça (CNJ) apresentou, ao final da 3ª Sessão Ordinária de 2026, realizada nesta terça-feira (17/3), proposta para instituir o Portal Nacional de Passivos Funcionais no âmbito do Poder Judiciário. A medida foi formalizada no Ato Normativo n. 0001742-79.2026.2.00.0000, de rela",1,
411827,Direitos do Trabalho serão discutidos no âmbito do sistema interamericano,"Especialistas nacionais e internacionais se reúnem em Brasília para discutir os desafios contemporâneos da proteção ao trabalho e a centralidade dos direitos sociais nas democracias constitucionais. Esse debate será o foco do Seminário Internacional Constitucionalismo Social e Direito Internacional do Trabalho, marcado para o dia 4 de maio, a partir das 10h, na sala de sessões da Segunda Turma do ",3,
402711,Gestão de resíduos sólidos será o foco da II Semana da Pauta Verde,"A pauta ambiental será destaque no Judiciário durante a II Semana da Pauta Verde , marcada para acontecer entre os dias 8 e 12 de junho de 2026, em todo país. Nesta edição, o foco será nos processos estruturais relacionados à gestão de resíduos sólidos, especialmente lixões e aterros sanitários. O planejamento do evento, cujos contornos foram definidos ainda em 2025, foi objeto de reunião de alinh",7,
406732,Ação de cidadania voltada a mulheres no Pará,"A Justiça Federal, por meio do Centro Judiciário de Conciliação (Cejuc), realizou pela primeira vez em sua história, na segunda-feira (9/3), uma ação de cidadania voltada exclusivamente às mulheres. Centenas delas, que vieram ao edifício-sede da Seção Judiciária do Pará (SJPA), puderam acessar vários serviços, da emissão de documentos à realização de exames médicos, como também desfrutaram de vári",4,
410872,Justiça do Trabalho faz visita preparatória na região do Marajó (PA) para ações de itinerância,"Representantes do Tribunal Superior do Trabalho (TST) e do Conselho Superior da Justiça do Trabalho (CSJT) estiveram, na última semana, no Pará, em visitas e reuniões para definir as ações da Justiça Itinerante na região da Ilha do Marajó, que será realizada de 18 a 22 de maio. O objetivo é ampliar o acesso à Justiça e a serviços essenciais em regiões de difícil acesso, como é o caso do arquipélag",0,
404355,"Julgamentos de feminicídio aumentam em 17%, aponta CNJ","A Justiça brasileira julgou, em média, 42 casos de feminicídio por dia em 2025, um aumento de 17% em comparação ao ano anterior. Ao todo, foram 15.453 julgamentos enquadrados na Lei do Feminicídio (13.104/2015), que considera a morte de mulheres por menosprezo ou discriminação à condição de gênero. No ano passado, o Poder Judiciário recebeu 11.883 novos casos, uma média de 32 por dia e um aumento ",2,
400612,Projeto Leitura Amiga estimula hábito de leitura em crianças e adolescentes acolhidos em São Paulo,"O projeto Leitura Amiga, iniciativa do Tribunal de Justiça de São Paulo (TJSP) que realiza leitura de livros para crianças e adolescentes em situação de acolhimento, completou cinco anos. O projeto foi criado em 2020, durante a pandemia, pela juíza da Comarca de Bauru Marina Freire. Com mais de 135 leitores voluntários e 35 casas de acolhimento participantes, os encontros acontecem de segunda a se",6,
400025,Agenda Justiça Juvenil é destaque em retrospectiva do ano na área socioeducativa,"“Ninguém me explicou o que ia acontecer depois.” A frase aparece com frequência em relatos reunidos na publicação Escrevivências da Socioeducação , lançada recentemente pelo Conselho Nacional de Justiça (CNJ), que evidencia desafios para maior protagonismo e participação dos adolescentes nas políticas socioeducativas. Em 2025, o CNJ atuou por meio de seu Departamento de Monitoramento e Fiscalizaçã",5,
405770,Registre-se Brasil Parente realiza nova etapa no Vale do Javari,"As populações indígenas do Vale do Javari (AM) recebem, a partir desta segunda-feira (2/3), uma nova edição do “ Registre-se: Brasil Parente “. A iniciativa coordenada pela Corregedoria Nacional de Justiça leva cidadania por meio da emissão de certidões de nascimento e de outros documentos civis básicos, contribuindo para o enfrentamento ao sub-registro. O atendimento segue até sexta-feira (6/3). ",0,
411180,"Registre-se!: Com 10,5 mil atendimentos, Justiça do AP apresenta maior índice proporcional do país","A Corregedoria-Geral de Justiça do Tribunal de Justiça do Amapá (CGJ/TJAP) apresentou, nesta quarta-feira (22), o balanço da 4ª Semana Nacional do Registro Civil “Registre-se!”, realizada entre os dias 13 e 17 de abril de 2026. A iniciativa, coordenada pelo Conselho Nacional de Justiça (CNJ) e executada pela CGJ/TJAP, com suporte da Presidência do TJAP, alcançou, pela primeira vez, todos os 16 mun",0,
407638,Novo Estatuto orienta magistratura brasileira à luz do Sistema Interamericano de Direitos Humanos,"O Conselho Nacional de Justiça (CNJ) aprovou, nesta terça-feira (17/3), durante a 3ª Sessão Ordinária de 2026, a criação do Estatuto da Magistratura Brasileira Interamericana. A medida tem como objetivo orientar a atuação de magistrados/as brasileiros/as à luz do Sistema Interamericano de Direitos Humanos, com foco na incorporação de normas e entendimentos internacionais no âmbito do Poder Judiciá",3,
413849,Justiça Restaurativa no Acre inclui pessoas indígenas privadas de liberdade,"Pessoas indígenas em situação de privação de liberdade passarão a ser incluídas nos círculos de construção de paz desenvolvidos pelo Tribunal de Justiça do Acre (TJAC). A iniciativa foi debatida na manhã dessa segunda-feira, 18, durante reunião realizada na sede do Judiciário acriano, entre representantes do Núcleo de Justiça Restaurativa (Nujures), da Fundação Nacional dos Povos Indígenas (Funai)",5,
405374,Nova campanha do TRF-1 abordará as alterações na coleta seletiva de resíduos,"Em mais uma ação para aperfeiçoar a gestão sustentável do Tribunal Regional Federal da 1ª Região (TRF-1), a Comissão Gestora do Plano de Logística Sustentável (CGPLS) dará início à alteração do sistema de coleta seletiva no âmbito do Tribunal. A medida faz parte das ações do Plano de Ações do PLS 2025–2026 e foi elaborada a partir de diagnóstico que apontou ações corretivas para o sistema atual, q",7,
412304,Quinta edição de fórum sobre alternativas penais começa amanhã (6/5) no CNJ,"O Conselho Nacional de Justiça (CNJ) realiza nesta quarta e quinta-feira (6 e 7 de maio), em Brasília, o 5º Fórum Nacional de Alternativas Penais (Fonape) . A abertura será a partir das 9h, com a presença do presidente do CNJ, ministro Edson Fachin, e segue por dois dias com exposições sobre a Justiça Restaurativa no contexto criminal, incluindo experiências internacionais, de articulação com rede",3,
402595,Entrega voluntária: CNJ lança cartilha para orientar gestantes e profissionais,"O Conselho Nacional de Justiça (CNJ) lançou, nesta terça-feira (27), a cartilha Entrega Voluntária para Adoção , com orientações sobre o processo de entrega de crianças para adoção logo após o nascimento. A cerimônia ocorreu de forma remota. O presidente do CNJ e do Supremo Tribunal Federal, ministro Edson Fachin, afirmou que o material busca garantir informação clara e apoio integral a mulheres e",6,
401129,Conciliar É Legal: Projeto do TRF-3 incentiva a conciliação desde a infância,"Para fortalecer a cultura da paz e apresentar às crianças os princípios da escuta ativa, do diálogo e da autocomposição, o Tribunal Regional Federal da 3ª Região (TRF-3) desenvolveu o projeto De Pequeno é que se Aprende a Conciliar , baseado em materiais lúdicos e ações educativas voltadas ao ambiente escolar. A iniciativa foi uma das vencedoras da 15ª edição do Prêmio Conciliar é Legal , concedid",2,
414936,CNJ valida estrutura de vara contra organizações criminosas em SC,"O Plenário do Conselho Nacional de Justiça (CNJ) validou, na terça-feira (26/5), a transformação da Vara Criminal da Região Metropolitana de Florianópolis em Vara Estadual de Organizações Criminosas (Veorcrim), com jurisdição em todo o território catarinense. O julgamento do procedimento de controle administrativo foi encerrado na 8ª Sessão Ordinária de 2026. A Veorcrim foi criada pela Resolução T",8,
