id,titulo,trecho,classe
352550,Prêmio CNJ Memória do Poder Judiciário recebe inscrições até o dia 6 de dezembro,"Estão abertas as inscrições para a 5.ª edição do Prêmio CNJ Memória do Poder Judiciário, que contempla ações voltadas à valorização dos bens culturais materiais e imateriais da Justiça e à promoção dos direitos humanos. Podem concorrer órgãos do Judiciário e acadêmicos, pessoas físicas, com trabalhos científicos voltados ao estudo da história de instituições da Justiça. Os interessados poderão se ",
381512,Inclusão digital: Tribunal do DF orienta usuários sobre serviços on-line em Planaltina,"Nesta terça-feira (5/8), no Fórum de Planaltina, o Tribunal de Justiça do Distrito Federal e dos Territórios (TJDFT) promoveu a 2.ª edição do Dia da Inclusão Digital, destinado a capacitar a população para o uso autônomo dos serviços digitais do tribunal. A ação orientou cerca de 100 jurisdicionados que comparecerem ao fórum para o uso correto e simplificado de ferramentas digitais. O objetivo é d",
402488,TRT da Paraíba avança na sustentabilidade e bate recordes de economia em 2025,"O Tribunal Regional do Trabalho da 13ª Região (TRT-13), na Paraíba, demonstrou avanços significativos na gestão socioambiental em 2025. De acordo com a Secretaria de Governança e Gestão Estratégica (Seggest), o tribunal avançou da quinta para a terceira posição no Índice de Desempenho em Sustentabilidade (IDS) do Conselho Nacional de Justiça (CNJ) entre os tribunais do trabalho, conforme o relatór",
384134,Pena Justa: Paraíba lança Central de Regulação de Vagas contra superlotação prisional,"Uma das principais ações do plano Pena Justa para enfrentar a situação de crise no sistema prisional brasileiro, a Central de Regulação de Vagas (CRV) chegou à Paraíba nesta terça-feira (26/8). Trata-se da segunda unidade da federação a aderir à metodologia desenvolvida pelo Conselho Nacional de Justiça (CNJ) — a primeira CRV foi instalada no Maranhão em 2022, controlando a superlotação prisional ",
367367,Corregedoria-Geral de Justiça de RR promove ações de saúde voltadas a populações vulneráveis,"Em alusão à Semana Nacional da Saúde, promovida pelo Conselho Nacional de Justiça (CNJ), a Corregedoria-Geral de Justiça do Tribunal de Justiça de Roraima (TJRR) deu início a uma série de ações de cidadania e saúde voltadas às populações em situação de vulnerabilidade. A primeira atividade ocorreu na última segunda-feira (7/4) no bairro 13 de Setembro, zona oeste de Boa Vista. A p",
384539,Judiciário do Tocantins leva atendimento a indígenas Karajá da Ilha do Bananal,"Em uma ação marcada por acolhimento e garantia de direitos, o Poder Judiciário do Tocantins, por meio da Comarca de Cristalândia, participa, nesta semana, da segunda edição do projeto “Defensorias do Araguaia: defensoras e defensores públicos pelos povos originários”, levando acesso à Justiça, serviços gratuitos e soluções para demandas urgentes das comunidades indígenas da etnia Karajá da Ilha do",
340570,Ministro Barroso apresenta modelo de ementa para acórdãos a presidentes de tribunais,"O presidente do Conselho Nacional de Justiça (CNJ) e do Supremo Tribunal Federal (STF), ministro Luís Roberto Barroso, conclamou os presidentes dos tribunais brasileiros nesta quarta-feira (21/8) a adotarem o modelo de ementas para decisões da Justiça indicado pelo órgão. A padronização está definida na Recomendação CNJ 154/2024 , que traz o modelo a ser aplicado e um manual detalhado para a utili",
414838,Justiça reforça importância da adoção legal e amplia ações de proteção à infância no Amazonas,"O Tribunal de Justiça do Amazonas (TJAM), por meio do Juizado da Infância e da Juventude Civil da Comarca de Manaus, reforça nesse “Dia Nacional da Adoção” (25/5), a importância da adoção legal como instrumento de garantia de direitos, proteção e construção de vínculos afetivos seguros para crianças e adolescentes acolhidos em instituições no estado. Em alusão à data, ao longo do mês de maio o Jui",
394131,Relatório destaca avanços e desafios na gestão de recursos provenientes de penas criminais,"Mais de 80 órgãos do Poder Judiciário informaram não terem identificado concessões indevidas de valores oriundos de penas pecuniárias, de multa ou de perda de bens e recursos. O dado integra o relatório final da Ação Coordenada de Auditoria 2025 (ACA 2025), conduzida pelo Conselho Nacional de Justiça (CNJ), que avaliou a gestão e a destinação desses bens e valores. Os resultados evidenciam avanços",
337437,Mais de R$ 859 mil são destinados pela Justiça Federal a projetos sociais no Pará,"A Justiça Federal de Itaituba, na região oeste do Pará, beneficiará pelo menos 14 projetos sociais com recursos no total de R$ 859.209,05, oriundos de processos penais e de outras naturezas (cíveis, ambientais etc.). Os critérios de seleção levaram em conta, além da originalidade, iniciativas voltadas às áreas da segurança pública, educação ambiental e educação/desenvolvimento social em geral. Pel",
341877,Pernambuco recebe nova edição do Fonajus Itinerante,"O Conselho Nacional de Justiça (CNJ) promove na quinta (5/9) e na sexta-feira (6/9), nova edição do Fonajus Itinerante, desta vez em Recife. Realizada no âmbito do Fórum Nacional do Judiciário para a Saúde (Fonajus) , a ação tem o propósito de estabelecer estratégias conjuntas para fortalecer e aprimorar as políticas públicas judiciárias de assistência à saúde. Nos dois dias, integrantes do Fórum,",
382522,Barroso lança projeto Diálogos com as Juventudes em escola em Cuiabá na segunda-feira (18/8),"Magistradas e magistrados trocarão as salas de audiência por salas de aula durante um dia, em diálogos com estudantes do ensino médio. Essa é a proposta do projeto Diálogos com as Juventudes, que busca aproximar o Judiciário das jovens e dos jovens brasileiros. A iniciativa será lançada nesta segunda-feira (18/8), pelo ministro Luís Roberto Barroso, em Cuiabá. Em visita à Escola Estadual Liceu Cui",
358272,Ponto de Inclusão Digital de São João do Piauí realizou mais de mil perícias médicas em 2024,"A Subseção Judiciária de São Raimundo Nonato, no Piauí, divulgou o relatório referente às atividades realizadas no Ponto de Inclusão Digital (PID) de São João do Piauí em 2024. Entre abril e dezembro de 2024, foram realizas 1.120 perícias médicas presenciais, duas audiências virtuais, além de atendimentos a advogadas, advogados e à população local. O PID foi instalado em março do ano passado e é f",
335648,Justiça capixaba lança campanha de prevenção à violência doméstica para magistradas e servidoras,"O presidente do Tribunal de Justiça do Espírito Santo (TJES), desembargador Samuel Meira Brasil Jr., e a vice-corregedora geral da Justiça, desembargadora Eliana Junqueira Munhós Ferreira, participaram, na tarde dessa segunda-feira (8/7), do lançamento da campanha de divulgação do programa JusAcolhimento, que oferece acolhimento, orientação e suporte a magistradas e servidoras em situação de violê",
357585,Justiça do Trabalho gaúcha avança para recuperar ações históricas atingidas pela enchente em 2024,"A Justiça do Trabalho gaúcha está conduzindo o maior projeto de recuperação documental de sua história. O objetivo é recuperar e preservar o acervo de processos físicos do arquivo-geral da instituição, severamente atingido pelas inundações de maio de 2024. Elas comprometeram cerca de um milhão de processos, incluindo volumes históricos que receberam o selo “Memória Mundo” da Unesco. As atividades ",
395972,Procurador regional da República Silvio Amorim Junior assume vaga no CNJ,"Tomou posse, nesta terça-feira (18/11), como conselheiro, o procurador regional da República Silvio Amorim Junior. O procurador substituiu Pablo Coutinho Barreto, que integrou o colegiado nos últimos dois anos, na vaga destinada à representação do Ministério Público da União (MPU) no Conselho Nacional de Justiça (CNJ). O novo conselheiro integra o Ministério Público Federal desde fevereiro de 2002",
366894,Ministra dos Povos Indígenas e presidente da Funai participam da entrega dos registros de nascimento com nomes indígenas no CNJ,"Nesta terça-feira (8/4), a partir das 16h, o Conselho Nacional de Justiça (CNJ) realizará uma cerimônia para registrar a alteração no nome de nascimento da presidente da Fundação Nacional dos Povos Indígenas (Funai), Joênia Wapichana, e do vereador e escritor Daniel Munduruku e de outras lideranças indígenas. Em seus registros de nascimento, haverá a inclusão da etnia ao nome originalmente registr",
406685,CNJ institui comitê para monitorar sistema de pedidos de medicamentos no SUS,"O Conselho Nacional de Justiça (CNJ) instituiu, neste mês, o Comitê de Governança da Plataforma Nacional de Saúde . O colegiado será responsável por organizar e supervisionar o modelo de gestão da ferramenta, voltada à centralização de informações sobre demandas por medicamentos no âmbito do Sistema Único de Saúde (SUS). Caberá também ao grupo estruturar o modelo de governança do sistema, estabele",
396645,Corregedoria da Justiça do MT promove ciclo de capacitações para implantar Juízo das Garantias,"A Corregedoria-Geral da Justiça de Mato Grosso (CGJ-MT) vai realizar uma série de ações de formação voltadas a magistrados e servidores que atuarão na estrutura do Juízo das Garantias. O conjunto de capacitações integra o plano institucional para a efetiva implantação do Núcleo 4.0 do Juízo das Garantias, cuja instalação está prevista para 5 de dezembro de 2025. Ao todo, serão ofertados três encon",
335744,Tribunal Federal da 5ª Região encerra última etapa de curso de formação em Justiça Restaurativa,"Terminou, na tarde da última sexta-feira (5/7), a última etapa do curso regional de formação em Justiça Restaurativa da Justiça Federal da 5ª Região (JF5). A capacitação teve início na última segunda-feira (1º/07), com o objetivo de formar facilitadores, e reuniu magistrados e servidores que trabalham nos Centros de Justiça Restaurativa da JF5. O treinamento aconteceu no Laboratório de Inovação da",
362350,Subseção Judiciária de Juazeiro (BA) realiza mutirão para redução de processos antigos,"Para promover celeridade processual e reduzir o acervo de processos antigos, a Subseção Judiciária de Juazeiro (SSJ-Juazeiro/SJBA) realizou um mutirão de audiências com foco em ações que demandam prioridade no julgamento, seja em razão de sua natureza, seja por estarem enquadradas na Meta 2 do Conselho Nacional de Justiça (CNJ). A iniciativa ocorreu na primeira semana de fevereiro. A medida reforç",
385310,PopRuaJud garante direitos para pessoas em situação de rua em Rondônia,"Em busca de acesso a direitos e novas oportunidades, Luan Gonçalves, 35 anos, encontrou esperança durante a ação PopRuaJud, realizada na última quinta-feira, 4, no Centro Pop Dom Moacyr Grechi, localizado na rua Joaquim Nabuco, em Porto Velho. Mineiro, Luan mora em Rondônia há dois anos e enfrenta desafios com a ausência de documentação básica, como certidão de nascimento. Seu relato dá voz à real",
358275,Memória: Arquivo Central de tribunal fluminense completa 20 anos,"Duas décadas de dedicação à preservação e à gestão documental. Neste ano, o Arquivo Central do Tribunal de Justiça do Estado do Rio de Janeiro (TJRJ) celebra seu 20.º aniversário e reafirma seu papel vital na preservação da história e na promoção da eficiência administrativa, consolidando-se como um exemplo de excelência na gestão documental no Brasil. Inaugurado em 25 de janeiro de 2005, o Arquiv",
334894,Pop Rua Jud: Justiça de Rondônia coordena mutirão para atendimento em Porto Velho,"A concentração de pessoas em situação de rua em frente ao Centro Pop em Porto Velho é um reflexo da busca por dignidade e reintegração social. O Tribunal de Justiça de Rondônia (TJRO), por meio do Núcleo Permanente de Métodos Consensuais de Solução de Conflitos (Nupemec), em parceria com diversos órgãos, realiza a terceira edição do Pop Rua Jud, um projeto que transforma a vida de muitas pessoas e",
357962,Meninas marajoaras e adolescentes do interior de SP são alvo de ações premiadas no CNJ,"Por iniciativa de juízes, dois projetos da Justiça abrem novas perspectivas e oportunidades para crianças e adolescentes vulneráveis na Ilha de Marajó (PA) e em São José do Rio Preto (SP). No norte do país, o trabalho busca fortalecer as entidades que atendem crianças e adolescentes da maior ilha fluviomarinha do mundo. Já em São Paulo, as ações estão voltadas a adolescentes em conflito com a lei,",
359148,Ampara inicia atividades em 2025 com curso preparatório e encontros de grupos de apoio,"A Associação Mato-Grossense de Pesquisa e Apoio à Adoção (Ampara), em parceria com o Poder Judiciário de Mato Grosso (PJMT), inicia as atividades de 2025 com a realização do curso preparatório para pretendentes à adoção, o Curso Pré-Natal da Adoção e os encontros do Grupo de Apoio Pós-Adoção (para famílias adotivas) e Gestação Adotiva (para quem está habilitado e à espera). O Curso Pré-Natal da Ad",
342183,Tribunal do Piauí realiza primeiro curso presencial para capacitação em libras,"O Tribunal de Justiça do Estado do Piauí (TJPI), por meio da Escola Judiciária (EJUD/PI), vai realizar de 17 a 31 de setembro, o Curso de Capacitação em Língua Brasileira de Sinais (LIBRAS), visando o cumprimento da meta prevista nos artigos 8º e 9º da Resolução CNJ n. 401/2021 . Integrante da Unidade de Acessibilidade e Inclusão (UACI), a servidora Alessandra Leal explica que este será o primeiro",
405823,Reconhecer a violência é o primeiro passo para impedir que ela avance,"A violência doméstica contra a mulher quase nunca começa com gritos ou agressões físicas. Ela começa com pequenos gestos, frases que parecem inocentes, atitudes que se repetem até criar um ambiente de controle, isolamento e medo. Neste mês de março, o Conselho Nacional de Justiça (CNJ) lança a campanha “A violência não mora aqui” , que, em sua primeira semana, busca ajudar a sociedade a identifica",
388033,Relatório inédito mostra situação de programas pós-medida socioeducativa no país,"Os programas de acompanhamento a adolescentes e jovens após o cumprimento de medidas socioeducativas (Pós-MSE), política fomentada pelo Conselho Nacional de Justiça (CNJ) com apoio do Programa Fazendo Justiça , existem em 15 unidades da federação, mas apresentam uma série de desafios. O Relatório de Monitoramento dos Programas Estaduais de Acompanhamento a Adolescentes Pós-cumprimento de Medida So",
353833,Justiça potiguar conquista Categoria Prata pela 2ª vez consecutiva no Prêmio CNJ de Qualidade,"O Tribunal de Justiça do Rio Grande do Norte (TJRN) conquistou o Selo Prata do Prêmio CNJ de Qualidade 2024, na terça-feira (3/12), durante o 18º Encontro Nacional do Poder Judiciário, em Campo Grande, Mato Grosso do Sul. Com pontuação que atingiu o índice de 74,4%, o TJ potiguar obteve o melhor resultado em todos os Tjs de pequeno porte que conquistaram a categoria Prata. O Prêmio foi criado em 2",
368429,Justiça do Trabalho implementa programa para fortalecer segurança cibernética e privacidade,"Com o objetivo de aprimorar a gestão da segurança da informação e da privacidade de dados, a Justiça do Trabalho iniciará a implementação de um programa de mentoria voltado à capacitação técnica de equipes responsáveis por essas áreas. A ação abrange os Tribunais Regionais do Trabalho (TRTs), o Tribunal Superior do Trabalho (TST) e o Conselho Superior da Justiça do Trabalho (CSJT). Formação técnic",
364244,"Em Campo Grande, Justiça Itinerante já realizou mais de 5 mil atendimentos gratuitos em 2025","Com a competência de conciliar, processar e julgar causas cíveis de menor complexidade — cujo valor não exceda 40 salários-mínimos —, causas relativas ao direito de família e retificações de certidões, a Justiça Itinerante apresentou resultados significativos na atuação em Campo Grande durante esse primeiro bimestre de 2025. A Justiça Itinerante oferece diversos serviços jurídicos gratuitos, propo",
341933,Ministro Mauro Campbell Marques toma posse no CNJ nesta terça-feira (3/9),"O ministro Mauro Campbell Marques toma posse no cargo de corregedor nacional de Justiça nesta terça-feira (3/9), às 10h, no Plenário do Conselho Nacional de Justiça (CNJ), em Brasília. Após a cerimônia, o ministro participa da 11.ª Sessão Ordinária de 2024. A imprensa terá acesso à cerimônia sem necessidade de credenciamento prévio. Diante do grande número de convidados já confirmados, cinegrafist",
416360,Manual fortalece atendimento a familiares de pessoas desaparecidas,"O Brasil registrou 77.060 casos de desaparecimento em 2023, uma média de 211 pessoas por dia, segundo o balanço mais recente do Ministério da Justiça e Segurança Pública (MJSP). Entre as milhares de famílias afetadas está a de Ivanise Esperidião, que há mais de 30 anos busca por sua filha, Fabiana Esperidião da Silva, desaparecida aos 13 anos. Para garantir que a história de Fabiana não se torne a",
392241,Tribunal do Amapá finaliza inspeções no Núcleo de Medida Socioeducativa de Internação Feminina,"Tribunal de Justiça do Amapá (TJAP), por meio do Juizado da Infância e da Juventude – Área de Políticas Públicas e Medidas Socioeducativas de Macapá, realizou, nesta sexta-feira (17/10), inspeção no Núcleo de Medida Socioeducativa de Internação Feminina (Cifem). Conduzida pela juíza titular Laura Costeira, as inspeções ocorrem em periodicidade bimestral e têm o objetivo de analisar as estruturas f",
385688,Comissões do CNJ e de tribunais gaúchos realizam visita técnica na Terra Indígena Nonoai,"Entre os dias 2 e 4 de setembro, a Comissão Nacional de Soluções Fundiárias do Conselho Nacional de Justiça (CNJ), assim como as Comissões de Soluções Fundiárias do Tribunal Regional Federal da 4ª Região (TRF4) e do Tribunal de Justiça do Rio Grande do Sul (TJRS) realizaram visitas técnicas à Terra Indígena Nonoai, no norte do estado do Rio Grande do Sul. As visitas foram conduzidas pelo desembarg",
342418,Link CNJ discute avanços e desafios do Pacto pela Primeira Infância,"Com o objetivo de sensibilizar, capacitar e mobilizar o Sistema de Justiça e os sistemas de garantia de direitos para promover o desenvolvimento integral das crianças de 0 a 6 anos de idade, em abril de 2019, o Conselho Nacional de Justiça (CNJ) lançou o Pacto Nacional pela Primeira Infância. Ao longo dos últimos cinco anos, mais de 350 entidades assinaram o compromisso, que reúne atores da esfera",
410138,Corregedoria Nacional encerra inspeção ordinária no Tribunal de Justiça da Bahia,"A Corregedoria Nacional de Justiça encerrou, na sexta-feira (10/4), inspeção ordinária no Tribunal de Justiça do Estado da Bahia (TJBA). Os trabalhos tiveram início no dia 6 de abril e foram regulamentados pela Portaria CNJ n. 12/2026. A ação foi conduzida pelo desembargador Arnoldo Camanho de Assis e pelo juiz Lizandro Garcia Gomes Filho, ambos do Tribunal de Justiça do Distrito Federal e Territó",
355657,Proteção do Judiciário a vulneráveis é tema da nova edição da Revista CNJ,"A segunda e última edição de 2024 da Revista CNJ já está disponível. Com a tema “O Poder Judiciário e a proteção de vulneráveis”, a publicação reúne 22 artigos inéditos. Sob a coordenação da Secretaria de Estratégia e Projetos do Conselho Nacional de Justiça (CNJ), a revista tem periodicidade semestral e dissemina trabalhos acadêmicos que tenham por objeto a prestação dos serviços de Justiça no Br",
334227,"Pela primeira vez, casais indígenas participam de casamento civil em Lábrea (AM)","Rodeada por territórios indígenas, a cidade de Lábrea, no sul do Amazonas, foi palco do primeiro casamento civil de dois casais indígenas. A cerimônia fez parte das ações do projeto Justiça Itinerante Cooperativa na Amazônia Legal, ocorrido entre os dias 17 e 21 de junho, e que atendeu cerca de cinco mil pessoas (10% da população) com serviços que garantiram cidadania e direitos sociais. Tudo come",
374389,Tribunal do Acre mobiliza sociedade para aderir ao programa Família Acolhedora,"O Tribunal de Justiça do Acre (TJAC), por meio da Coordenadoria da Infância e Juventude (CIJ), promove a mobilização da sociedade para aderir ao programa Família Acolhedora. A iniciativa visa incentivar famílias a acolherem em seus lares crianças e adolescentes de 0 a 18 anos, bem como jovens de 18 a 21 anos, que foram afastados de suas famílias de origem por decisão judicial devido a ameaças ou v",
346717,"Adoção: “A gente não quer escolher, a gente quer simplesmente ter um filho”","“Me chamo Mikely e tenho 13 anos. Eu fui adotada com 4 anos”, conta, resoluta, a pré-adolescente. “Meu pai se chama Otávio e a minha mãe se chama Márcia, e eu tenho um irmão mais velho, que se chama Rodrigo”, ela completa. Mikely tem a apresentação da família na ponta da língua. Ela já repetiu essas frases muitas vezes nos grupos de apoio à adoção em que os pais compartilham um pouco da própria hi",
365305,Tribunal paraibano oferece curso sobre uso adequado das redes sociais,"Com o objetivo de capacitar magistrados, magistradas e servidores e servidoras do Tribunal de Justiça da Paraíba (TJPB) sobre os riscos e boas práticas no uso das redes sociais, prevenindo crises de imagem e garantindo alinhamento com os princípios éticos e normativos do Poder Judiciário, a Escola Superior da Magistratura da Paraíba (Esma-PB) promoveu, na manhã de sexta-feira (21/3), o Curso Preve",
403261,Justiça Itinerante do TRT-11 registra 1.379 novos processos e atende a mais de 3 mil pessoas em 2025,"O Tribunal Regional do Trabalho da 11ª Região (AM/RR) realizou 120 itinerâncias no interior do estado do Amazonas e de Roraima em 2025. A Justiça do Trabalho visitou 61 municípios e três comunidades, atendendo a 3.497 pessoas e realizando 1.379 reclamações, isto é, novos processos trabalhistas iniciados durante as itinerâncias. A Justiça Itinerante é um projeto desenvolvido com o objetivo de aprox",
340660,Justiça do Trabalho do Ceará lança campanha contra assédio sexual,"Em uma iniciativa para combater a violência de gênero, o Subcomitê de Incentivo à Participação Institucional Feminina e de Igualdade de Gênero da Justiça do Trabalho do Ceará, em parceria com o Programa de Equidade, está intensificando as ações de conscientização sobre os diferentes tipos de violência contra a mulher durante o mês de agosto. Novo vídeo aborda o assédio sexual Nessa quarta-feira (2",
344470,Pesquisa respalda aplicação da Política Antimanicomial na Justiça,"Homem com transtorno mental decorrente de uso de álcool ou outras drogas, entre 30 e 49 anos de idade, pouco escolarizado, solteiro, pardo, sem filho: esse é o perfil majoritário das pessoas internadas em Estabelecimento de Custódia e Tratamento Psiquiátrico (ECTP), de acordo com a pesquisa Pessoas com Transtorno Mental em Conflito com a Lei no Brasil: Itinerários Jurídicos e Portas de Saída, apre",
348432,Justiça do Trabalho reforça combate à exploração sexual e ao tráfico de mulheres e crianças,"O dia 23 de setembro marca o Dia Internacional contra a Exploração Sexual e o Tráfico de Mulheres e Crianças. A data é um momento de reflexão e de ação global, chamando a atenção para questões profundamente preocupantes que afetam milhões de pessoas em todo o mundo. A exploração sexual e o tráfico humano são violações alarmantes dos direitos humanos, com consequências devastadoras para as vítimas.",
372348,Corregedoria Nacional fixa prazo de 120 dias para avaliar morosidade de unidades judiciais,"A Corregedoria Nacional de Justiça fixou prazo de 120 dias corridos para aferição de eventual morosidade do juízo em decorrência de excesso de prazo nos processos judiciais, a ser observado em âmbito disciplinar e na atividade fiscalizatória das corregedorias. O objetivo do Provimento n. 193/2025 é identificar paralisação indevida do processo em qualquer etapa. Até então, não havia um ato normativ",
395540,"Conheça os finalistas do 1º Prêmio Narrativas que Salvam, promovido por tribunal baiano","O Tribunal de Justiça da Bahia (TJBA) divulgou o Edital n. 03/2025-CMulher com a tão esperada lista dos trabalhos selecionados para concorrer ao 1º Prêmio de Jornalismo Narrativas que Salvam, promovido pela Coordenadoria da Mulher em Situação de Violência Doméstica e Familiar. Idealizado sob a liderança da Desembargadora Nágila Maria Sales Brito, o prêmio integra a programação da 31ª Semana da Jus",
392062,Congresso do Fonajus: oficinas vão discutir desafios da judicialização em saúde,"Os debates sobre o fornecimento de medicamentos sem registro na Agência Nacional de Vigilância Sanitária (Anvisa), experimentais ou com importação autorizada pelo órgão, devem nortear as oficinas temáticas que acontecerão durante o IV Congresso do Fórum Nacional do Poder Judiciário para a Saúde (Fonajus) . Marcado para os dias 6 e 7 de novembro, em Fortaleza (CE), o evento também vai fomentar o de",
375150,Tribunais já podem integrar peticionamento inicial ao Jus.br,"O Conselho Nacional de Justiça (CNJ) disponibilizou, nesta terça-feira (10/6), o peticionamento inicial no portal Jus.br. Com isso, a partir de agora, os tribunais brasileiros podem integrar o serviço ao portal. A funcionalidade é uma das mais aguardadas desde o lançamento do portal Jus.br e segue a Resolução n. 624 do CNJ , que estabelece que o portal Jus.br deve contar, entre outros serviços, co",
383760,Museu do Voto recebe estudantes do DF e de SP para experiências em cidadania e democracia,"Na última semana, no dia 18 de agosto, o Tribunal Superior Eleitoral (TSE) recebeu grupos de estudantes de duas escolas de São Paulo para uma vivência no âmbito do Programa Educativo do Museu do Voto, iniciativa que aproxima ainda mais os jovens da Justiça Eleitoral. Na semana anterior, foram os alunos de um colégio da zona rural do Paranoá, no Distrito Federal, que participaram da experiência. Ao",
344955,Sistema de Justiça e sociedade civil podem se inscrever até 8/11 no Prêmio Conciliar É Legal,"Instituições de ensino superior, defensorias públicas e promotorias de Justiça, instrutores e instrutoras de mediação e conciliação, advogados e advogadas, além de outras pessoas físicas e jurídicas, podem se inscrever até 8 de novembro no XV Prêmio Conciliar É Legal , do Conselho Nacional de Justiça (CNJ). O prêmio reconhece iniciativas autocompositivas desenvolvidas pelo Judiciário e representan",
412907,Corregedoria Nacional de Justiça limita pagamento a magistrados do TJGO ao teto constitucional,"A Corregedoria Nacional de Justiça determinou, na sexta-feira (8/5), que o Tribunal de Justiça de Goiás (TJGO) limite o pagamento de remuneração a magistrados e magistradas da Corte ao teto constitucional, fixado em R$ 46,3 mil. A determinação é válida para magistradas e magistrados ativos, inativos e pensionistas, e deve ser aplicada de forma imediata pelo TJGO ainda na folha de pagamento do mês ",
363570,Plenário aprova mudanças na resolução que prevê extinção de execuções fiscais,"O Plenário do Conselho Nacional de Justiça (CNJ) aprovou, por unanimidade, alterações na Resolução 547/2024 , que institui medidas de tratamento racional e eficiente na tramitação das execuções fiscais pendentes no Judiciário brasileiro . As mudanças incluem a extinção de processos nos quais não haja informação acerca do CPF ou CNPJ do executado, a gratuidade das informações sobre transações imobi",
336308,Conselho lança Painel Ranking da Transparência da Justiça do Trabalho,"O Conselho Superior da Justiça do Trabalho (CSJT) anunciou o lançamento do Painel Ranking da Transparência da Justiça do Trabalho , que reúne os resultados dos Tribunais Regionais do Trabalho e do Tribunal Superior do Trabalho no Ranking da Transparência de 2022 e 2023. A proposta é promover a transparência da Justiça do Trabalho e melhorar a comunicação com a sociedade. A visão geral promovida pe",
340397,"Em despedida do CNJ, ministro Salomão destaca ações da Corregedoria Nacional","As ações correicionais e políticas públicas implantadas pela Corregedoria Nacional de Justiça nos últimos dois anos foram destacadas ao final da 3.ª Sessão Extraordinária do Conselho Nacional de Justiça (CNJ), nesta terça-feira (20/8), a última com a participação do atual corregedor nacional, ministro Luis Felipe Salomão. Após dois anos de mandato no CNJ, o ministro tomará posse como vice-presiden",
377387,Ação vai apoiar adolescentes após cumprimento de medida socioeducativa na Paraíba,Estimular a autonomia e a construção de novos projetos de vida junto aos jovens e aos adolescentes que cumpriram uma medida socioeducativa de privação ou restrição de liberdade: essa é a finalidade do Programa de Acompanhamento ao Adolescente Pós-Cumprimento de Medida Socioeducativa — Programa Pós-MSE — que será implementado na Paraíba por meio de um Acordo de Cooperação Técnica (ACT). A adesão ao,
401973,TJRO promove oficina formativa para conselheiros tutelares e unidades de acolhimento,"A Coordenadoria da Infância, da Juventude e da Pessoa Idosa (CIJPI), do Tribunal de Justiça de Rondônia (TJRO), realizou uma oficina de alinhamento entre conselheiros tutelares e representantes das unidades de acolhimento de Porto Velho. O encontro foi marcado por escuta, troca de experiências e reflexões críticas sobre comunicação, trabalho em rede, proteção integral e responsabilização instituci",
384360,Prêmio Nacional de Jornalismo do Poder Judiciário anuncia finalistas,"Os finalistas do II Prêmio Nacional de Jornalismo do Poder Judiciário — Direitos Humanos, Cidadania e Tecnologia — já podem ser conhecidos nesta quinta-feira (28). Promovida pelo Supremo Tribunal Federal (STF) junto com os tribunais superiores (TSE, STJ, STM e TST) e os conselhos de justiça (CNJ e CJF), a iniciativa tem por objetivo incentivar a produção de reportagens que evidenciem o papel do Ju",
382326,CNJ amplia critérios de prioridade de julgamento para o Mês Nacional do Júri,"O Conselho Nacional de Justiça (CNJ) alterou a Portaria n. 69/2017 , que instituiu o Mês Nacional do Júri, realizado anualmente em novembro. Ao texto original, foi acrescido, por meio da Portaria n. 242/2025 , mais critérios de prioridade que são os casos em tramitação há mais de 5 anos, os que têm réus presos, os que tratam de feminicídios, os que possuem vítimas menores de 14 anos e os crimes en",
362474,"Conheça o Falcão, o repositório oficial de jurisprudência da Justiça do Trabalho","Com o objetivo de padronizar e otimizar as consultas jurisprudenciais trabalhistas no Brasil, o Conselho Superior da Justiça do Trabalho (CSJT) aprovou, no final do ano passado, a nacionalização do Sistema Falcão . A ferramenta está disponível para ser utilizada e já conta com dados de todos os tribunais do trabalho do país. O sistema armazena as decisões de primeiro e segundo graus e do Tribunal ",
413239,Rede de inteligência da 1ª Região debate desafios da implementação da LGPD no Judiciário,"Perspectivas e desafios na aplicação da Lei Geral de Proteção de Dados Pessoais (LGPD) pelo Poder Judiciário foi o tema da reunião promovida pela Rede de Inteligência da 1ª Região (Reint1), realizada no dia 5 de maio de 2026. O encontro reuniu magistradas(os), servidoras(es) e especialistas para refletirem sobre os avanços e os riscos envolvidos no tratamento de dados pessoais em processos judicia",
413005,Uso de inteligência artificial pelo Judiciário é apresentado a magistrados portugueses,"O uso da tecnologia e da inteligência artificial (IA) no Judiciário brasileiro esteve no centro das discussões entre representantes do Conselho Nacional de Justiça (CNJ) e integrantes do Conselho Superior da Magistratura de Portugal, durante visita realizada na manhã desta segunda-feira (11/5), na sede do CNJ, em Brasília. A secretária-geral do CNJ, Clara Mota, apresentou à comitiva portuguesa as ",
414008,TJAL restaura processos que revelam luta de escravizados por liberdade em Alagoas,"De páginas desgastadas pelo tempo, emergem histórias de pessoas que lutaram pela própria liberdade no período da escravidão, em Alagoas. Anna é uma dessas personagens. Em 1884, ela reuniu o valor necessário para pagar a sua alforria e solicitou curador para as tratativas judiciais. Em depoimento a um escrivão, evocou a Lei do Ventre Livre para fundamentar o seu pedido. Ao final do processo, Anna c",
357559,Tribunal pernambucano inicia campanha pela paz nos estádios do estado,"No último domingo (19/1), durante o intervalo do jogo entre Santa Cruz e Afogados pelo Campeonato Pernambucano, a Coordenadoria dos Juizados Especiais do Tribunal de Justiça de Pernambuco (TJPE), por meio do Juizado do Torcedor, iniciou a campanha “Torcida pela Paz”. A iniciativa, realizada inicialmente no estádio do Arruda, consiste na exibição de uma faixa com a mensagem “Nossa torcida é pela pa",
336824,Prêmio Memória: Biblioteca do TRF-3 é cartão de visitas do tribunal,"Na contramão da tendência do país nos últimos anos, quando houve fechamento de bibliotecas públicas, o Tribunal Regional Federal da 3.ª Região (TRF-3) destinou um espaço nobre para o seu acervo. Durante a execução do projeto de reengenharia da corte, mais de 50 mil itens ganharam visibilidade no térreo do edifício-sede localizado na Avenida Paulista, em São Paulo. Diante da chegada de 13 novos des",
375624,Tribunais do Nordeste desenvolvem projeto na área de sustentabilidade e inclusão social,"O Tribunal Regional do Trabalho da Paraíba (13.ª Região), o Tribunal de Justiça da Paraíba (TJPB) e o Tribunal de Justiça de Pernambuco (TJPE) estão idealizando um projeto inovador de sustentabilidade. A iniciativa será indicada para o cumprimento da Meta 9 do Conselho Nacional de Justiça (CNJ) em 2025, que prevê o desenvolvimento de dois projetos relacionados à Agenda 2030 da ONU, com participaçã",
364304,CNJ 20 anos: juízes e juízas formam Justiça cada vez mais plural,"Um dos maiores desafios do Judiciário nos últimos anos é espelhar a representação demográfica da população brasileira na magistratura. Incentivada por políticas aprovadas pelo Conselho Nacional de Justiça (CNJ) nos últimos 20 anos, a pluralidade de experiências e perspectivas de mundo têm se ampliado entre juízes e juízas. Essas mudanças têm o objetivo de garantir o acesso à Justiça a toda a popul",
376959,Corregedoria prorroga prazo para a digitalização de registros de imóveis,"Os cartórios terão até 25 de maio de 2026 para realizar a migração de todos os registros de imóveis para um sistema digitalizado em fichas individuais. O prazo foi prorrogado pela Corregedoria Nacional de Justiça, por meio do Provimento n. 198/2025 . A prorrogação do prazo atende à solicitação do Operador Nacional do Sistema de Registro Eletrônico de Imóveis (ONR) e do Registro de Imóveis do Brasi",
348479,Conselheiros aprovam ajustes na resolução que criou o Exame Nacional dos Cartórios,"O percentual mínimo para aprovação no Exame Nacional dos Cartórios (Enac) foi reduzido de 70% para 60% na prova objetiva para os candidatos da ampla concorrência. A decisão reflete a preocupação em não comprometer a quantidade de aprovados necessária para atender serventias vagas e de baixa remuneração. Essa e outras alterações na Resolução CNJ n. 575/2024 , que criou o exame, foram aprovadas pelo",
377231,"Presidente do CNJ dialoga com cidadãos e servidores durante itinerância da Justiça em Xapuri, no Acre","O presidente do Conselho Nacional de Justiça (CNJ) e do Supremo Tribunal Federal (STF), ministro Luís Roberto Barroso, visitou, nesta sexta-feira (27/6), o programa Justiça Itinerante Cooperativa na Amazônia Legal, na Escola Estadual Divina Providência, na cidade de Xapuri, no Acre. Ao longo da semana, tanto em Xapuri quanto no município de Boca do Acre/AM, a população das duas cidades e de municí",
341943,Ministro Barroso destaca impacto das ações coletivas para garantir direitos e diminuir judicialização,"As ações coletivas são ferramentas importantes para reduzir o número da judicialização no país. A avaliação foi feita pelo presidente do Conselho nacional de Justiça (CNJ) e do Supremo Tribunal Federal (STF), ministro Luís Roberto Barroso, nesta segunda-feira (2/9), na abertura da I Jornada de Boas Práticas em Tutelas Coletivas. Ele afirmou ainda que as ações coletivas ajudam a dar racionalidade a",
412651,CNJ realizará manutenção programada em sistemas de TI nesta quinta-feira (7/5),"O Departamento de Tecnologia da Informação e Comunicação do Conselho Nacional de Justiça (DTI/CNJ) informou que realizará uma manutenção programada na infraestrutura de tecnologia da informação entre a noite desta quinta-feira (7) e a madrugada de sexta-feira (8). Durante o período, alguns sistemas do órgão ficarão temporariamente indisponíveis. A manutenção terá início às 20h de quinta-feira (7) ",
363572,Convênios para atuação de advogados dativos devem ter a presença da Defensoria Pública,"A Defensoria Pública deverá participar, obrigatoriamente, dos convênios firmados entre os tribunais de justiça e as seccionais da Ordem dos Advogados do Brasil(OAB) para a indicação de advogadas e advogados dativos. A medida foi incluída em proposta de ato normativo e aprovada pela maioria do Plenário durante a 3.ª Sessão Ordinária do Conselho Nacional de Justiça (CNJ), realizada nesta terça-feira",
337236,Atuação de tradutores e intérpretes de Libras aproxima a Justiça cearense da comunidade surda,"Comprometido com a construção de um espaço cada vez mais inclusivo e acessível, o Tribunal de Justiça do Ceará (TJCE) conta com tradutores e intérpretes da Língua Brasileira de Sinais (Libras), que atuam em prol da comunidade surda no âmbito do Judiciário estadual. Além de participarem das sessões de julgamento e de grandes eventos na capital e no interior desde outubro de 2022, os profissionais a",
337394,Soluções fundiárias: seminário destaca a importância do diálogo entre envolvidos,"As soluções fundiárias na Justiça Federal do Rio de Janeiro e do Espírito Santo estão sendo debatidas em seminário realizado pelo Tribunal Regional Federal da 2.ª Região. Desde o dia 29 de julho, magistrados e magistradas, servidores e servidoras estão discutindo a questão, a participação dos envolvidos, a atuação da Comissão de Soluções Fundiárias da Corte e seus resultados. Para o conselheiro Jo",
365855,Consepre: Ministro Barroso fala sobre metas do Judiciário para presidentes dos TJs,"O presidente do Conselho Nacional de Justiça (CNJ) e do Supremo Tribunal Federal (STF), ministro Luís Roberto Barroso, e o Corregedor Nacional de Justiça, ministro Mauro Campbell, participaram, na manhã desta quinta-feira (27/3), do XV Encontro do Conselho de Presidentes dos Tribunais de Justiça do Brasil (Consepre), em Florianópolis (SC). A cerimônia de abertura ocorreu na noite de quarta-feira (",
380297,Memória bibliográfica da primeira fase da Justiça Eleitoral em Goiás é premiada pelo CNJ,"Resultado de um estudo de pesquisa inédito, o livro sobre a primeira fase da Justiça Eleitoral em Goiás foi a iniciativa escolhida como vencedora do Prêmio CNJ Memória do Poder Judiciário, na categoria Patrimônio Cultural Bibliográfico. A pesquisa compreendeu o processo de formação e de evolução do cenário eleitoral entre 1932 e 1937, período até então negligenciado segundo pesquisadores do tema. ",
389068,Programa Justiça Itinerante leva dignidade a detentos em presídio fluminense,"Vestida de branco, maquiagem retocada e cabelos brilhosos: foi assim que a companheira do detento Adolfo (nome fictício) aguardava o momento de dizer “sim” diante do juiz, nesta sexta-feira, dia 26 de setembro, para concretizar o desejado casamento. Ele estava ansioso para reencontrá-la e transformar a união estável de nove anos em matrimônio depois de um ano e dois meses preso por roubo. A realiz",
348174,Rio de Janeiro sediará mais uma etapa do FonaJus Itinerante,"O Fórum Nacional do Judiciário para a Saúde ( FonaJus ) tem nesta semana mais uma etapa do Fonajus Itinerante , ação que percorre os estados do Brasil com o propósito de promover diálogos, cooperação institucional e capacitação. Na próxima quinta e sexta-feira (24 e 25/10), o estado do Rio de Janeiro sediará mais uma etapa da ação. O evento terá lugar, no primeiro dia, no Tribunal Regional Federal",
412236,Fachin defende integração entre Constituição e normas internacionais para trabalho decente,"Três dias após as celebrações do Dia Internacional do Trabalho, em 1º de maio, o presidente do Conselho Nacional de Justiça (CNJ) e do Supremo Tribunal Federal (STF), ministro Edson Fachin, abriu, nesta segunda-feira (4/5), o Seminário Internacional Constitucionalismo Social e Direito Internacional do Trabalho , em Brasília, com a defesa do projeto de país previsto na Constituição de 1988. Segundo",
335197,Programa da Justiça de Roraima inaugura novo sistema de comunicação e transmissão de dados,"A fim de garantir o alinhamento e incremento das ações de inclusão digital previstas pelo Conselho Nacional de Justiça, na última sexta-feira (28/6), o Programa Justiça Cidadã realizou uma reunião por videoconferência com todos os postos avançados de atendimento do estado. A reunião, inaugurando o novo sistema de videoconferência por satélite e realizada com sucesso, contou com a participação do c",
410310,Projeto apoiado pela Justiça de RO é destaque em evento do Pena Justa,"Um passo inimaginável até pouco tempo para os participantes do espetáculo Bizarrus, a apresentação da peça no Rio de Janeiro. O elenco, formado por reeducandos que cumprem pena em regime fechado, semiaberto e condicional, viajaram para participar de um evento cultural do Programa Pena Justa , o Horizontes Culturais. A apresentação, no dia 10 de abril, foi destaque ao encerrar a programação do enco",
370810,Pena Justa: CNJ promove formação com foco em saúde mental e drogas,"Com o objetivo de capacitar equipes e fomentar a implementação de metas previstas no plano Pena Justa relativas à porta de entrada do sistema prisional, o Conselho Nacional de Justiça (CNJ) realizou, na última quinta-feira (8/5), o primeiro Encontro sobre Saúde Mental, Atenção a Pessoas que Usam Drogas e Acesso à Rede de Serviços. O encontro foi direcionado a profissionais dos serviços de Atendime",
376966,Casamento coletivo reúne 86 casais em ação da Justiça Itinerante na Amazônia Legal,"Sob a proteção do amor, 86 casais de Boca do Acre/AM e Xapuri/AC oficializaram suas uniões em mais uma ação possibilitada pela 3.ª edição do programa Justiça Itinerante Cooperativa na Amazônia Legal, realizada nas duas cidades entre os dias 23 e 27 de junho. O casamento coletivo foi promovido por meio de uma parceria entre o Conselho Nacional de Justiça (CNJ), os cartórios e as prefeituras das dua",
381671,Tribunal mineiro abre inscrições para mutirão de reconhecimento de paternidade,"As inscrições para a 8.ª edição do CRP Itinerante, reconhecimento de paternidade/maternidade, estão abertas até 15 de agosto. O mutirão é promovido pelo Centro de Reconhecimento de Paternidade (CRP) de Belo Horizonte. Se você ou seu filho não tem registro de pai ou mãe na certidão, fique atento. Os interessados devem preencher o formulário eletrônico e providenciar a documentação necessária para o",
401980,TJMS destaca compromisso contra o feminicídio com o Memorial Dias sem Elas,"Em consonância com as ações permanentes de combate à violência contra a mulher, o Tribunal de Justiça de Mato Grosso do Sul (TJMS), por meio da Coordenadoria da Mulher, coordenada pela Desembargadora Jaceguara Dantas da Silva, destaca o Memorial Dias sem Elas, iniciativa que integra a campanha #TodosporElas . O Memorial de vidas interrompidas Dias sem Elas é um espaço virtual de reflexão, respeito",
369000,Judiciário paraibano reforça compromisso com acolhimento familiar de crianças e adolescentes,"Na manhã desta quarta-feira (23), juízes e juízas do Tribunal de Justiça da Paraíba participaram da 1.ª Reunião Intersetorial de 2025, da 1.ª Região Geoadministrativa do Estado, realizada no Fórum da Comarca de Conde, Região Metropolitana de João Pessoa. O encontro reuniu magistrados(as), gestores da Assistência Social, técnicos de referência e representantes do Sistema de Garantia de Direitos da ",
339319,Instituições têm até dia 31/8 para se inscrever na 7.ª edição do Justiça Pesquisa,"Termina no dia 31 de agosto o prazo para instituições de ensino se inscrevem na 7.ª edição do projeto Justiça Pesquisa, coordenado pelo Conselho Nacional de Justiça (CNJ). A seleção tem como objetivo contratar instituições de ensino superior ou entes públicos ou privados sem fins lucrativos para a elaboração de diagnóstico sobre o enfrentamento de litigância predatória no Poder Judiciário. O contr",
409099,Sistema SEI: acesso será interrompido entre terça (31/3) e quarta-feira (1/4),"O Departamento de Tecnologia da Informação e Comunicação do Conselho Nacional Justiça (CNJ) vai realizar uma manutenção em sua infraestrutura de TI, nesta terça (31/3) e quarta-feira (1/4). Durante o período, os serviços relacionados ao Sistema Eletrônico de Informações (SEI) ficarão indisponíveis. O SEI é uma plataforma de gestão de processos e documentos administrativos eletrônicos, criada para ",
343255,Justiça de Roraima promove campanha para a redução do consumo de energia elétrica,"O Setor de Sustentabilidade e Responsabilidade Social do Tribunal de Justiça de Roraima está promovendo uma campanha para conscientizar sobre a importância da adoção de práticas que contribuam para a redução do consumo de energia elétrica. A iniciativa está alinhada à Resolução CNJ n. 400/2021 , que estabelece a política de sustentabilidade no âmbito do Poder Judiciário, e ao Plano de Logística Su",
344239,Acessibilidade: pequenos ícones que fazem uma grande diferença,"Se você não tem nenhuma deficiência, os três ícones ao lado direito desta página não fazem diferença. Para quem tem, no entanto, eles representam um avanço na luta pela acessibilidade. São ícones pequenos: mãos, um rosto de perfil e um olho. Com eles, a pessoa pode ter acesso ao conteúdo escrito nesta matéria em áudio, em Libras e, caso tenha alguma outra limitação visual, pode aumentar a fonte, o",
378648,Justiça do Trabalho catarinense firma parceria para combater trabalho infantil e estimular aprendizagem,"O Porto Itapoá, localizado no Norte de Santa Catarina, formalizou na última sexta-feira (4/7) sua adesão ao Programa de Combate ao Trabalho Infantil e Estímulo à Aprendizagem , mantido pela Justiça do Trabalho. A solenidade foi realizada nas dependências da empresa, em Itapoá (SC). O termo de adesão foi assinado pelo presidente do Tribunal Regional do Trabalho da 12.ª Região (TRT-SC), desembargado",
343054,Justiça do Trabalho lança campanha “Trabalho decente pra gente!”,"A Justiça do Trabalho lançou a campanha nacional “Trabalho decente pra gente!”. A iniciativa destaca que o trabalho decente é um direito de todas as pessoas e chama a atenção para o fato de que todas elas precisam ter direitos assegurados nas relações de trabalho, independentemente das atividades profissionais ou dos postos que ocupem. “Salário justo, oportunidade, respeito, conciliar a vida pesso",
369194,TRF da 4.ª Região promove caravana virtual dos centros de inteligência no dia 29/4,"No dia 29 de abril, o Tribunal Regional Federal da 4.ª Região (TRF4) será o anfitrião da Caravana Virtual dos Centros de Inteligência, evento promovido pelo Centro de Inteligência do Poder Judiciário do Conselho Nacional de Justiça (CIPJ/CNJ). O evento on-line terá como tema Nota Técnica 001/2024 da Rede de Inovação e Inteligência da 4ª Região – Litigiosidade Climática no RS, apresentando as inici",
413062,Deam Digital: nova ferramenta auxilia mulheres vítimas de violência doméstica,"A população do estado do Rio de Janeiro recebeu uma nova ferramenta capaz de auxiliar no atendimento às mulheres vítimas de violência doméstica: a Delegacia Especializada em Atendimento à Mulher (Deam) Digital. O serviço está na plataforma da Delegacia Online de Polícia Civil do Rio e opera 24 horas por dia, todos os dias da semana, recebendo registros de ocorrência pela internet. O dispositivo po",
412762,Conselheiros do CNJ conhecem estruturas do Juizado do Torcedor,"Representantes do Conselho Nacional de Justiça (CNJ) estiveram em Belo Horizonte, na sexta-feira (13/3), para conhecer de perto o funcionamento das estruturas de atendimento a ocorrências envolvendo torcedores em eventos esportivos. A visita faz parte das atividades do Grupo de Trabalho “Paz nas Arenas”, instituído pela Portaria nº 219/2023 do CNJ, que tem como objetivo aprimorar as estratégias de",
353712,Práticas sustentáveis já utilizadas pelos tribunais serão ampliadas com pacto,"A adesão dos tribunais brasileiros ao Pacto Nacional do Poder Judiciário pela Sustentabilidade representa a formalização do comprometimento desses órgãos com o tema, muitos dos quais já estão empenhados no desenvolvimento de práticas sustentáveis. Em pelo menos três iniciativas os tribunais brasileiros já avançaram: substituição de energia elétrica por placas fotovoltaicas, realização de inventári",
359078,Fórum da Saúde faz balanço de atividades e define marcos para 2025,"O número de pedidos de notas técnicas para subsidiar as decisões judiciais pelo Sistema e-NatJus cresceu cerca de 40% em 2024, em relação ao ano anterior. Os dados foram apresentados durante a primeira reunião do Fórum Nacional do Judiciário para a Saúde (Fonajus) em 2025, realizada nessa terça-feira (4/2). Os participantes também trataram das principais atividades previstas para 2025, inclusive p",
364954,Webinário destaca avanços e desafios na aplicação das perspectivas de gênero e racial no sistema de Justiça,"O Conselho Nacional de Justiça (CNJ) promoveu nesta quinta-feira, 20 de março, o webinário Construindo Equidade: Protocolos para Julgamento com Perspectiva de Gênero e Racial no Atendimento às Mulheres. Organizado pelo Programa Justiça Plural e pelo Comitê de Acompanhamento e Capacitação sobre Julgamento com Perspectiva de Gênero, coordenado pela Conselheira Renata Gil, o evento reuniu vozes diver",
356490,Núcleo de conciliação do RJ registra recorde em busca por acordos na Justiça,"O Núcleo Permanente de Métodos Consensuais e de Solução de Conflitos (Nupemec) realizou 21.689 sessões de mediação judicial e 2.661 pré-processuais — um total de 24.350 audiências em 2024. Foram 1.200 atendimentos na XIX Semana Nacional da Conciliação, 280 na Semana Nacional do Registro Civil do Poder Judiciário e quase 500 na agenda concentrada. O aumento na procura das sessões impactou o índice ",
339324,"Pai Presente: no Amapá, programa promoveu mais de 13 mil reconhecimentos de paternidade","Criado em 2010 pelo Conselho Nacional de Justiça (CNJ), o Programa Pai Presente visa facilitar a averbação (ato de registrar algo em cartório) espontânea da paternidade no registro de nascimento de pessoas, sejam crianças, adolescentes ou adultos, que possuem apenas o nome da mãe no documento. Além disso, o programa busca dar assistência familiar, promovendo a restauração e valorização da relação ",
360220,Inscrições para o Prêmio Solo Seguro acontecem em março,"As inscrições para a edição de 2025 do Prêmio Solo Seguro, instituído pelo Provimento CNJ n. 145/2023 , serão realizadas de 3 a 31 de março. Poderão concorrer à honraria práticas relacionadas aos eixos temáticos regularização fundiária urbana (Eixo I), regularização fundiária rural (Eixo II) e gestão informacional e governança fundiária responsável (Eixo III). Nesse escopo, serão elegíveis ações, ",
396903,"Portal Valongo alcança nove países e supera 3,5 mil interações","Lançado em 19 de novembro, o portal “Valongo: justiça pela memória do cais” repercutiu amplamente: são mais de 3,5 mil interações, com acessos vindos de oito países — Reino Unido, Estados Unidos, Itália, Argentina, Canadá, Alemanha, Japão e México, além do Brasil. Os números dimensionam a importância histórica do Cais do Valongo, maior porto de chegada de africanas e africanos escravizados das Amé",
361262,"Todos por Elas: no MT, movimento intensifica ação em prol da segurança da mulher, de crianças e de jovens","Em 2024, seis mulheres foram vítimas de feminicídio em Rondonópolis (212 km ao sul de Cuiabá). O município foi o que mais registrou mortes por razões da condição de gênero em Mato Grosso, com 12,7 % dos 57 casos. Com o propósito de mudar essa realidade, o Poder Judiciário de Mato Grosso e parceiros da Rede de Apoio às Mulheres do Município de Rondonópolis iniciaram, nesta terça-feira (18/2), o mov",
412433,CNJ debate expansão da Justiça itinerante como política de acesso à cidadania,"O Conselho Nacional de Justiça (CNJ) realizou nesta terça-feira (5/5), em Brasília, o seminário “Caminhos da Cidadania: a Atuação da Justiça Itinerante na Prática”, com o objetivo de avaliar a implementação da política no país, discutir desafios operacionais e ampliar a divulgação da Resolução n. 460/2022 , que estabelece diretrizes para o serviço. A Justiça Itinerante é uma ação realizada pelo CN",
374097,CNJ define diretrizes para modernização e mais segurança jurídica no registro de imóveis,"O Conselho Nacional de Justiça (CNJ) publicou, nesta terça-feira (3/6), o Provimento n. 195 , editado pela Corregedoria Nacional de Justiça para modernizar os serviços de registro de imóveis no país e permitir mais transparência e segurança jurídica nas transações imobiliárias. O Provimento n. 195 objetiva solucionar problemas históricos como grilagem de terras, sobreposição de áreas e fragmentaçã",
355935,Justiça militar gaúcha lança edição especial da Revista Justiça Militar e Memória,"O Tribunal de Justiça Militar do Rio Grande do Sul (TJMRS) lançou, nesta quinta-feira (19/12), a edição digital de sua revista Justiça Militar e Memória. A nova publicação reúne uma seleção de jurisprudência dos magistrados da Corte em 2024, proporcionando um panorama atualizado das decisões que marcaram o ano. Além dos acórdãos, a edição conta com uma seção especial que rememora a enchente do mês",
359542,CNJ realiza 1.ª Sessão Ordinária de 2025 e posse de conselheiros na terça-feira (11/2),"O Conselho Nacional de Justiça (CNJ) realiza, nesta terça-feira (11/2), a 1.ª Sessão Ordinária de 2025. A sessão está marcada para começar às 10h, com a cerimônia de posse de dois novos conselheiros, Marcello Terto e Silva e Ulisses Rabaneda dos Santos. Ambos foram indicados pelo Conselho Federal da Ordem dos Advogados do Brasil (OAB) e ocuparão as vagas destinadas à advocacia pelos próximos dois ",
409811,"No Rio, presidente do CNJ e do STF participa de ações de direitos humanos e lança iniciativas do Pena Justa","O presidente do Conselho Nacional de Justiça (CNJ) e do Supremo Tribunal Federal (STF), ministro Edson Fachin, cumpre agenda nesta sexta-feira (10) no Rio de Janeiro, em ações do Observatório de Direitos Humanos (ODH) e do Plano Pena Justa . As atividades incluem diálogo sobre violência de Estado, lançamento de estratégia para ampliar o acesso à cultura no sistema prisional e assinatura de Acordo ",
336112,Preservação de acervo jurídico com mais de 200 anos é destaque em prêmio do CNJ,"A certeza de que o passado é rico em lições move uma iniciativa do Tribunal Regional Federal da 3.ª Região (TRF-3). A ideia de pesquisar, organizadamente, com método, em acervo com mais de 250 mil processos, virou acordo de cooperação e plano de trabalho e tem resultado em descobertas sobre a atuação da Justiça desde o século XIX. O projeto rendeu destaque nacional na terceira edição do P rêmio CN",
415317,Magistrados selecionados pelo CNJ chegam à Corte IDH para intercâmbio inédito,"Os três juízes brasileiros que integram uma iniciativa inédita de cooperação internacional voltada à aproximação entre o Judiciário brasileiro e o tribunal internacional já estão em deslocamento para San José, na Costa Rica, para assumirem seus mandatos na Corte Interamericana de Direitos Humanos (Corte IDH), no dia 15 de junho. As juízas Flávia Martins de Carvalho e Ana Inés Algorta Latorre e o j",
380273,Inscrições para o Prêmio Prioridade Absoluta 2025 vão até 29 de agosto,"O prazo para inscrever as boas práticas na 5.ª edição do Prêmio Prioridade Absoluta foi prorrogado até o dia 29 de agosto. Promovida pelo Conselho Nacional de Justiça (CNJ), a premiação visa, entre outros, aprimorar as políticas públicas destinadas ao público infantojuvenil. As iniciativas devem ser voltadas para a promoção, a valorização e o respeito aos direitos das crianças, adolescentes e jove",
361459,Justiça do Maranhão firma parcerias para expansão da Justiça Restaurativa no estado,"O Tribunal de Justiça do Maranhão, por meio do Núcleo Estadual de Justiça Restaurativa (Nejur/TJMA), tem atuado na implementação de ações voltadas a alternativas de resolução de conflitos, por meio de práticas restaurativas. A parceria com diversas entidades e a continuidade dos serviços de atendimentos restaurativos objetivam ampliar o acesso à Justiça e a efetividade das ações, possibilitando qu",
416604,Tribunais promovem ações e mutirões processuais na III Semana Nacional de Juizados Especiais,"Com o tema “Fortalecer os Juizados Especiais é fortalecer a Justiça”, será realizada a III Semana Nacional dos Juizados Especiais, entre os dias 15 e 19 de junho, em todo o país. Coordenada pelo Conselho Nacional de Justiça (CNJ) e operacionalizada pelos tribunais, a semana temática deve oferecer capacitação a magistrados e magistradas, servidores e servidoras, além de realizar mutirões para acele",
354762,Plenário define normas para permuta de magistrados e magistradas estaduais,"Os critérios para regulamentar a permuta entre magistrados e magistradas de 1.º e 2.º grau dos tribunais de Justiça estaduais foram aprovados por unanimidade nesta terça-feira (10/12). Os conselheiros e conselheiras, reunidos durante a 16.ª Sessão Ordinária de 2024, seguiram o voto do relator, o presidente do Conselho Nacional de Justiça (CNJ), ministro Luís Roberto Barroso. Ao detalhar o Ato Norm",
416960,Território Quilombola de Alcântara recebe registro imobiliário definitivo em evento do CNJ,"A entrega do registro imobiliário do título de domínio do Território Quilombola de Alcântara, que abrange cerca de 46 mil hectares na região norte do município maranhense, marcará o encerramento do Encontro Nacional das Comissões de Soluções Fundiárias, realizado pelo Conselho Nacional de Justiça (CNJ), nos dias 18 e 19/6, no Maranhão. O evento, que tem o apoio do Tribunal de Justiça do Estado, re",
343421,Seminário do CNJ destaca boas práticas na identificação e documentação de pessoas presas,"A difusão contínua de informação e conhecimento é um dos pilares para a sustentabilidade da Ação Nacional de Identificação Civil e Emissão de Documentos para Pessoas Privadas de Liberdade, executada pelo Conselho Nacional de Justiça (CNJ) em todo o país para garantir que pessoas presas sejam civilmente identificadas e tenham acesso aos seus documentos. Para debater os avanços e os desafios no tema",
361510,Bandeira de Mello se despede do CNJ depois de segundo mandato como conselheiro,"A 1.ª Sessão Extraordinária de 2025, realizada nesta terça-feira (18/2), foi encerrada com a despedida do conselheiro Luiz Fernando Bandeira de Mello. Representante do Senado Federal no Conselho Nacional de Justiça (CNJ) por dois mandatos consecutivos, ele deu início às discussões para a criação do Sistema Nacional de Gestão de Precatórios e Requisições de Pequeno Valor (SisPreq), além de ter sido",
399743,Exposição “Valongo: Justiça pela Memória do Cais” é prorrogada até março,"Devido ao grande sucesso de público e à ampla repercussão, o Centro Cultural Justiça Federal (CCJF) prorrogou a exposição digital “Valongo: Justiça pela Memória do Cais” até 1º de março de 2026. A mostra integra o projeto de comunicação de mesmo nome produzido pela Assessoria de Comunicação Social do Conselho da Justiça Federal (ASCOM/CJF) e lançado no mês da Consciência Negra. A exposição virtual",
401068,TJPE realiza inspeções em 100% dos programas de atendimento socioeducativo do estado,"O Tribunal de Justiça de Pernambuco (TJPE) atingiu, no segundo semestre de 2025, a marca histórica de 100% de realização das inspeções judiciais nos programas de atendimento socioeducativo em todo o estado, consolidando um marco relevante para a Política Judiciária da Infância e Juventude. O resultado evidencia o fortalecimento da atuação institucional do Judiciário pernambucano na fiscalização pe",
412446,Judiciário apresenta pesquisas sobre adoção e direitos reprodutivos nesta quinta (7/5),"Pesquisas do Judiciário sobre adoções de crianças e adolescentes com perfis historicamente menos procurados no Brasil, sobre experiências na Itália em casos de devoluções durante o estágio de convivência e sobre a correlação entre maternidade e processos de entrega voluntária ou destituição do poder familiar serão expostas no próximo Seminário de Pesquisas Empíricas Aplicadas às Políticas Judiciár",
376537,Tribunais apresentam boas práticas em sustentabilidade e meio ambiente nesta quarta (25/6),"As iniciativas que estimulam o uso consciente de recursos naturais e financeiros no Poder Judiciário serão o tema da 23.ª edição do evento Disseminando Boas Práticas, que acontecerá na quarta-feira (25/6), a partir das 16h. Serão apresentadas quatro práticas desenvolvidas por tribunais, dentro do eixo temático Sustentabilidade e Meio Ambiente. O evento será transmitido pelo canal do CNJ no YouTube",
389829,Gestão 2025–2027: alta administração toma posse em cerimônia simbólica,"Na noite de terça-feira (30/9), o ministro Edson Fachin conduziu a posse simbólica dos novos integrantes da alta administração do Conselho Nacional de Justiça (CNJ) para o biênio 2025–2027. O evento foi marcado por palavras de acolhimento, reconhecimento e pelo reforço do compromisso coletivo que guiará a nova gestão. Foram empossados: a secretária-geral Clara Mota; o secretário de estratégia e pr",
353357,Tribunais constroem projeto de futuro digital em evento do Justiça 4.0,"Cerca de 150 especialistas das áreas de tecnologia da informação dos tribunais brasileiros reuniram-se nesta segunda-feira (2/12), no Arquipélago da Inovação, evento realizado pelo Conselho Nacional de Justiça (CNJ) e pelo Programa das Nações Unidas para o Desenvolvimento em Campo Grande (MS), antecedendo o 18.º Encontro Nacional do Poder Judiciário. O objetivo é priorizar a construção de um proje",
354301,Justiça eleitoral mato-grossense amplia capacitação em linguagem simples,"Servidores da área administrativa da Justiça Eleitoral de Mato Grosso receberam uma capacitação em linguagem simples na segunda-feira (2/12). A oficina foi ministrada por duas servidoras do Tribunal de Justiça do Estado de Mato Grosso (TJMT) por meio do laboratório de inovação, o InovajusMT. A capacitação terá continuidade nesta quarta-feira (4/12). “A gente aprendeu que a linguagem simples deve s",
368310,Tribunal da 1.ª Região autuou mais de R$ 28 bi em precatórios federais para o exercício 2026,"O Tribunal Regional Federal da 1.ª Região (TRF-1) concluiu o período constitucional de apresentação de precatórios para o orçamento de 2026. Do dia 24 de março até o dia 2 de abril, o Tribunal, com o apoio da Assessoria de Execução Judicial (Asrej) e da Secretaria de Tecnologia da Informação (Secin), autuou mais de R$ 28 bilhões em precatórios federais. Segundo explicou Izabely Michelle Cavalcante",
414917,Conecta abre novo edital para nacionalizar projetos de tecnologia de tribunais,"O Conselho Nacional de Justiça (CNJ) lançou, nesta quarta-feira (27), o Edital de Nacionalização de Soluções Tecnológicas no Âmbito do Programa Conecta . A iniciativa busca selecionar ferramentas desenvolvidas pelos tribunais brasileiros com potencial de adoção em todo o país, ampliando o compartilhamento de inovações entre os órgãos do Poder Judiciário. Desenvolvido pelo Justiça 4.0 e instituído ",
335504,Evento celebra uma década da Justiça Restaurativa no Judiciário Paranaense,"A Justiça Restaurativa e os Objetivos de Desenvolvimento Sustentável (ODSs) foram tema de encontro promovido pelo Tribunal de Justiça do Paraná (TJPR) encerrado nesta sexta-feira (5/7). O evento celebrou uma década de conquistas e aprendizados da Justiça Restaurativa no Judiciário paranaense. O conselheiro Alexandre Teixeira Cunha, coordenador do Comitê de Justiça Restaurativa do Conselho Nacional",
392565,Carta consolida caminhos para valorização de equipes multiprofissionais do Judiciário,"Trinta diretrizes, que se concentram em eixos fundamentais voltados à capacitação, à valorização, à estruturação e ao bem-estar das equipes técnicas multiprofissionais dos tribunais marcaram o Encontro Preparatório de Equipes Técnicas que ocorreu nos dias 16 e 17 de outubro de 2025, na sede do Conselho Nacional de Justiça (CNJ), em Brasília. Essas equipes são compostas por profissionais que atuam ",
406521,Cidadania e inclusão: conselheiro do CNJ ministra aula magna do programa “Falando Direito – Pop Rua Jud Amapá”,"Com o propósito de disseminar conhecimento para a população em situação de vulnerabilidade, fortalecer o acesso à informação e garantir direitos fundamentais, o Tribunal de Justiça do Estado do Amapá (TJAP) realizou, nesta sexta-feira (6/3), no plenário da instituição, a Aula Magna do programa Falando Direito – Pop Rua Jud Amapá. A atividade teve como tema “Humanos para os Direitos” e foi ministra",
414886,Campanha solidária abre Semana Nacional da Conciliação com participação de Remo e Paysandu,"Na manhã dessa segunda-feira, 25, a presidente do TRT-8, desembargadora Sulamir Palmeira Monassa de Almeida, presidiu a abertura oficial do evento, que contou com magistrados e servidores, no Centro Judiciário de Solução de Conflitos e Cidadania da Justiça do Trabalho (Cejusc) de Belém. Neste ano, o evento tem um diferencial com a participação dos Clubes Remo e Paysandu na campanha de solidariedad",
393879,Diálogo para solução de conflitos é reconhecido por premiação anual,"Quando alunos do curso de Direito levam educação antirracista a alunos do ensino médio de Fortaleza, a cultura da paz avança. Se, no Espírito Santo, indenizações a familiares de vítimas de tiroteio são pagas antes do acionamento da Justiça, o direito é garantido de forma mais rápida. A conciliação também impacta vidas quando o reconhecimento da paternidade de pai falecido foi alcançado em Tocantin",
377377,Tribunais começam na segunda (30/6) mutirão para analisar porte de maconha para uso pessoal,"Os tribunais de justiça estaduais e os tribunais regionais federais iniciam hoje (30) o I Mutirão Processual Penal do plano Pena Justa , que tem como um dos temas a revisão de casos sobre porte de maconha para uso pessoal, atendendo à decisão do Supremo Tribunal Federal (STF). O esforço concentrado de reanálise dos processos segue até 30 de julho e tem coordenação do Conselho Nacional de Justiça (",
372500,Nota de pesar – Sebastião Salgado,"O Conselho Nacional de Justiça (CNJ) manifesta profundo pesar pelo falecimento do fotógrafo Sebastião Ribeiro Salgado Júnior, nesta sexta-feira (23/5). Membro do Observatório do Meio Ambiente e das Mudanças Climáticas do Poder Judiciário, designado pela Portaria n. 243/2020, Sebastião Salgado era ativo nas reuniões e contribuiu durante anos com sua expertise para os estudos, os debates e a formula",
348928,Justiça de Roraima participa de ação que celebra casamento para pessoas privadas de liberdade,"O direito ao matrimônio de pessoas privadas de liberdade é uma garantia fundamental do reconhecimento da dignidade humana e da cidadania dentro do sistema prisional. Por isso, o Tribunal de Justiça de Roraima, por meio da Vara da Justiça Itinerante (VIJ/TJRR), em parceria com a Defensoria Pública do Estado de Roraima (DPE-RR), realizou nesta quinta-feira, 24, um casamento coletivo na Cadeia Públic",
348560,Central de Libras da Justiça Eleitoral paulista atendeu mais de mil pessoas no 1.º turno,"A Central de Intermediação de Libras (CIL), serviço disponibilizado pelo TRE-SP, ajudou mais de mil pessoas surdas ou com deficiência auditiva a exercer o direito do voto no primeiro turno das eleições municipais no estado. A plataforma virtual permite que a pessoa faça uma videochamada, em tempo real, com um intérprete da Língua Brasileira de Sinais para obter informações sobre o pleito. Desde a ",
347918,Atualização do SNA amplia informações sobre pretendentes à adoção,"Está no ar a mais recente atualização do Sistema Nacional de Adoção e Acolhimento (SNA): trata-se do novo módulo de pretendentes à adoção. A 1.ª versão do módulo, apresentada nesta sexta-feira (18/10), acrescenta ao SNA um conjunto de informações sobre os pretendentes que estimulará ainda mais o processo de vínculo entre crianças e adolescentes e os candidatos habilitados para adoção. Dados e info",
407481,Workshop discute sustentabilidade e proteção dos oceanos,"O debate de soluções sustentáveis voltadas à proteção dos oceanos e à gestão de resíduos marcou o 2º Workshop Promares – Mar Circular: Construindo Soluções , realizado na manhã desta segunda-feira (16/3), no auditório da Associação dos Magistrados do Maranhão (AMMA), em São Luís. O evento reuniu representantes do poder público, de universidades brasileiras e estrangeiras e de instituições de pesqu",
416033,Webinário apresenta novidades no banco de prompts do Poder Judiciário,"O Conselho Nacional de Justiça (CNJ) promove, nesta quinta-feira (11/06), o Webinário Conecta: Atualizações do Promptus – o Banco de Comandos Prontos do Poder Judiciário . Realizado pelo Programa Justiça 4.0 , o evento ocorre às 15 horas por meio da plataforma Microsoft Teams e pelo canal do CNJ no YouTube. O encontro é voltado para magistradas, magistrados, servidoras, servidores e demais pessoas",
393465,Projeto da Justiça do Trabalho capixaba valoriza diversidade e autoestima em todas as idades,"Envelhecer com voz, estilo e representatividade. Foi com essa mensagem que o projeto “Vestindo Histórias: moda, etarismo e empoderamento” encerrou suas atividades na última quinta-feira (23/10), no auditório do Tribunal Regional do Trabalho da 17ª Região (ES). O evento reuniu participantes do projeto, autoridades, familiares e convidados para um desfile que traduziu, em forma e cor, a luta contra ",
370866,Projetos da Justiça Federal do RS ganham menção honrosa no Prêmio CNJ de Memória,"Os projetos “Gestão do acervo arquivístico da SJRS atingido pela enchente de maio/2024” e “Seção específica no Portal da Memória da Justiça Federal do RS dedicada aos registros do desastre climático de 2024” ganharam menção honrosa no Prêmio CNJ de Memória. A premiação aconteceu no último dia (9/5) do 5.º Encontro Nacional de Memória do Poder Judiciário (Enam), realizado em Goiânia (GO). O Prêmio ",
401806,Comissão Permanente de Acolhimento de Migrantes realiza primeira reunião,"A Comissão Permanente de Acolhimento dos Migrantes, Apátridas, Refugiados e Visitantes nas Serventias Extrajudiciais do Estado do Rio Grande do Sul realizou sua primeira reunião nesta segunda-feira (19/1). Coordenada pelo Tribunal de Justiça do Rio Grande do Sul (TJRS), a Comissão aprovou a gratuidade de atos notariais e registrais para migrantes em situação de hipossuficiência, com ressarcimento ",
371738,Tribunais de todo o país já podem utilizar primeira IA generativa integrada à PDPJ-Br,"Já está disponível para uso dos tribunais brasileiros a Apoia (Assistente Pessoal Operada por Inteligência Artificial), primeira ferramenta de inteligência artificial (IA) generativa integrada à Plataforma Digital do Poder Judiciário Brasileiro (PDPJ-Br). Atualmente desenvolvida pela presidência do Tribunal Regional Federal da 2.ª Região (TRF-2), a solução foi incorporada à PDPJ-Br por meio do Con",
385605,Conexão Auditoria: encontro virtual promove integração e troca de experiências,"O Conselho Nacional de Justiça (CNJ) promove , em 19 de setembro, às 15h, a primeira edição do encontro virtual “Conexão Auditoria”. A iniciativa da Secretaria de Auditoria tem como objetivo integrar e aperfeiçoar as unidades de auditoria interna do Poder Judiciário e será transmitida via Teams. Com foco na troca de experiências e na disseminação de boas práticas, o projeto, a partir de uma aborda",
362061,Tribunal catarinense disponibiliza glossário para uso de linguagem simples no Poder Judiciário,"O uso de termos técnicos, palavras rebuscadas e formalidades excessivas em documentos elaborados por operadores do Direito ganhou até apelido: “juridiquês”. Embora em desuso socialmente, o latim clássico é herança do Direito romano e ainda se faz presente. O problema é que essa tradição passada de geração em geração pode distanciar as pessoas do acesso à Justiça. Para evitar isso, o Núcleo de Inov",
335900,Ação Integrada de Conciliação promove soluções de conflitos na Justiça gaúcha,"Os tribunais do Rio Grande do Sul se uniram para realizar mutirões desde o início do mês de julho, voltados à busca de soluções alternativas de conflitos. Com apoio do Conselho Nacional de Justiça (CNJ), a Ação Integrada de Conciliação dos Tribunais do Rio Grande do Sul homologou cerca de quatro mil acordos na Justiça do Trabalho e realizou mais de 1,6 mil audiências na Justiça Estadual, das quais",
387407,Regulariza Rondônia: Judiciário contribui para entrega de certidões de titularidade,"O corregedor-geral da Justiça, desembargador Gilberto Barbosa, participou do lançamento do programa do Governo Estadual “Regulariza Rondônia” e das entregas de certidões de titularidade, na última sexta-feira (19/9), em Porto Velho. As cerimônias aconteceram em dois locais: pela manhã, na quadra poliesportiva do Núcleo 10 de Junho, na zona leste da capital; e, à tarde, na Escola Estadual Major Gua",
398544,Cooperação padroniza fluxos em processos previdenciários do INSS no Pará,"Com o objetivo de padronizar fluxos de trabalho em processos previdenciários que envolvem o Instituto Nacional do Seguro Social (INSS) no Pará, o Tribunal de Justiça do Pará (TJPA) e a Procuradoria Federal no Estado do Pará assinaram, na tarde de quarta-feira (10/12), um termo de cooperação técnica. O INSS é atualmente um dos maiores litigantes no Judiciário paraense. A iniciativa busca integrar a",
